date,city,industry,employment,no_company,unemployment,population,GDP,i_rate,CLI,CFI
202401,서울,제조업,0.8663,31506.4321,75.2791,9357548.3476,2064.4596,3.1038,98.9565,98.6436
202401,서울,도매 및 소매업,0.1455,134140.4175,182.9671,9357548.3476,2064.4596,3.1038,98.9565,98.6436
202401,서울,정보통신업,19.8103,37292.5054,1668.2844,9357548.3476,2064.4596,3.1038,98.9565,98.6436
202401,서울,"전문, 과학 및 기술 서비스업",0.8663,31506.4321,75.2791,9357548.3476,2064.4596,3.1038,98.9565,98.6436
202401,서울,"사업시설 관리, 사업 지원 및 임대 서비스업",0.3214,18185.8991,79.1202,9357548.3476,2064.4596,3.1038,98.9565,98.6436
202401,부산,제조업,0.5248,22785.0198,15.8461,3285780.0,2064.4596,3.1038,98.9565,98.6436
202401,부산,도매 및 소매업,0.1397,35331.6455,28.6937,3285780.0,2064.4596,3.1038,98.9565,98.6436
202401,부산,정보통신업,2.1073,2462.7484,184.6329,3285780.0,2064.4596,3.1038,98.9565,98.6436
202401,부산,"전문, 과학 및 기술 서비스업",0.5248,22785.0198,15.8461,3285780.0,2064.4596,3.1038,98.9565,98.6436
202401,부산,"사업시설 관리, 사업 지원 및 임대 서비스업",0.0472,4252.0999,6.0,3285780.0,2064.4596,3.1038,98.9565,98.6436
202401,대구,제조업,0.4833,17895.8179,21.0,2338627.0,2064.4596,3.1038,98.9565,98.6436
202401,대구,도매 및 소매업,0.2,23785.1403,8.0247,2338627.0,2064.4596,3.1038,98.9565,98.6436
202401,대구,정보통신업,1.2832,1663.0197,78.2558,2338627.0,2064.4596,3.1038,98.9565,98.6436
202401,대구,"전문, 과학 및 기술 서비스업",0.4833,17895.8179,21.0,2338627.0,2064.4596,3.1038,98.9565,98.6436
202401,대구,"사업시설 관리, 사업 지원 및 임대 서비스업",0.0,2960.1812,5.7163,2338627.0,2064.4596,3.1038,98.9565,98.6436
202401,인천,제조업,0.35,22359.0856,33.2782,2968306.577,2064.4596,3.1038,98.9565,98.6436
202401,인천,도매 및 소매업,0.2325,27195.0251,27.1556,2968306.577,2064.4596,3.1038,98.9565,98.6436
202401,인천,정보통신업,1.9417,2083.922,169.7741,2968306.577,2064.4596,3.1038,98.9565,98.6436
202401,인천,"전문, 과학 및 기술 서비스업",0.35,22359.0856,33.2782,2968306.577,2064.4596,3.1038,98.9565,98.6436
202401,인천,"사업시설 관리, 사업 지원 및 임대 서비스업",-0.0136,3566.888,15.0,2968306.577,2064.4596,3.1038,98.9565,98.6436
202401,광주,제조업,0.4083,7786.0229,9.8523,1427028.248,2064.4596,3.1038,98.9565,98.6436
202401,광주,도매 및 소매업,0.2211,14233.0,8.4777,1427028.248,2064.4596,3.1038,98.9565,98.6436
202401,광주,정보통신업,2.9924,1134.2251,64.8481,1427028.248,2064.4596,3.1038,98.9565,98.6436
202401,광주,"전문, 과학 및 기술 서비스업",0.4083,7786.0229,9.8523,1427028.248,2064.4596,3.1038,98.9565,98.6436
202401,광주,"사업시설 관리, 사업 지원 및 임대 서비스업",0.0,1947.0,7.6246,1427028.248,2064.4596,3.1038,98.9565,98.6436
202401,대전,제조업,0.2594,6718.8583,21.057,1437271.0,2064.4596,3.1038,98.9565,98.6436
202401,대전,도매 및 소매업,0.1083,14887.0,16.7058,1437271.0,2064.4596,3.1038,98.9565,98.6436
202401,대전,정보통신업,1.577,1998.6872,181.3082,1437271.0,2064.4596,3.1038,98.9565,98.6436
202401,대전,"전문, 과학 및 기술 서비스업",0.2594,6718.8583,21.057,1437271.0,2064.4596,3.1038,98.9565,98.6436
202401,대전,"사업시설 관리, 사업 지원 및 임대 서비스업",-0.0,2414.9305,6.2618,1437271.0,2064.4596,3.1038,98.9565,98.6436
202401,울산,제조업,0.2095,7245.8486,7.7819,1111542.1282,2064.4596,3.1038,98.9565,98.6436
202401,울산,도매 및 소매업,0.1951,8749.8565,4.7085,1111542.1282,2064.4596,3.1038,98.9565,98.6436
202401,울산,정보통신업,0.4819,507.3407,44.0617,1111542.1282,2064.4596,3.1038,98.9565,98.6436
202401,울산,"전문, 과학 및 기술 서비스업",0.2095,7245.8486,7.7819,1111542.1282,2064.4596,3.1038,98.9565,98.6436
202401,울산,"사업시설 관리, 사업 지원 및 임대 서비스업",0.0021,1360.2299,1.097,1111542.1282,2064.4596,3.1038,98.9565,98.6436
202401,세종,제조업,0.0321,1267.563,1.8182,418941.2781,2064.4596,3.1038,98.9565,98.6436
202401,세종,도매 및 소매업,0.0,2186.2017,1.3805,418941.2781,2064.4596,3.1038,98.9565,98.6436
202401,세종,정보통신업,0.0956,374.2372,31.6037,418941.2781,2064.4596,3.1038,98.9565,98.6436
202401,세종,"전문, 과학 및 기술 서비스업",0.0321,1267.563,1.8182,418941.2781,2064.4596,3.1038,98.9565,98.6436
202401,세종,"사업시설 관리, 사업 지원 및 임대 서비스업",0.0,518.378,3.4624,418941.2781,2064.4596,3.1038,98.9565,98.6436
202401,경기,제조업,2.4987,134543.8244,171.6198,13777846.2992,2064.4596,3.1038,98.9565,98.6436
202401,경기,도매 및 소매업,1.1494,149486.3311,143.8142,13777846.2992,2064.4596,3.1038,98.9565,98.6436
202401,경기,정보통신업,16.0237,14727.9698,1268.5736,13777846.2992,2064.4596,3.1038,98.9565,98.6436
202401,경기,"전문, 과학 및 기술 서비스업",2.4987,134543.8244,171.6198,13777846.2992,2064.4596,3.1038,98.9565,98.6436
202401,경기,"사업시설 관리, 사업 지원 및 임대 서비스업",0.0,20695.8487,97.6907,13777846.2992,2064.4596,3.1038,98.9565,98.6436
202401,강원,제조업,0.2372,6078.7358,0.0,1535848.4723,2064.4596,3.1038,98.9565,98.6436
202401,강원,도매 및 소매업,0.0,13559.1945,0.0,1535848.4723,2064.4596,3.1038,98.9565,98.6436
202401,강원,정보통신업,0.1685,831.2016,0.0,1535848.4723,2064.4596,3.1038,98.9565,98.6436
202401,강원,"전문, 과학 및 기술 서비스업",0.2372,6078.7358,0.0,1535848.4723,2064.4596,3.1038,98.9565,98.6436
202401,강원,"사업시설 관리, 사업 지원 및 임대 서비스업",0.0,2548.1595,0.0,1535848.4723,2064.4596,3.1038,98.9565,98.6436
202401,충북,제조업,0.0179,13972.3119,5.9752,1592592.9511,2064.4596,3.1038,98.9565,98.6436
202401,충북,도매 및 소매업,0.0005,13793.4512,5.6861,1592592.9511,2064.4596,3.1038,98.9565,98.6436
202401,충북,정보통신업,0.5417,686.8136,18.4477,1592592.9511,2064.4596,3.1038,98.9565,98.6436
202401,충북,"전문, 과학 및 기술 서비스업",0.0179,13972.3119,5.9752,1592592.9511,2064.4596,3.1038,98.9565,98.6436
202401,충북,"사업시설 관리, 사업 지원 및 임대 서비스업",-0.0,2670.2219,2.4883,1592592.9511,2064.4596,3.1038,98.9565,98.6436
202401,충남,제조업,0.3159,17718.3411,11.1233,2131877.0,2064.4596,3.1038,98.9565,98.6436
202401,충남,도매 및 소매업,0.0801,17974.6825,6.3488,2131877.0,2064.4596,3.1038,98.9565,98.6436
202401,충남,정보통신업,0.55,1027.6683,39.3973,2131877.0,2064.4596,3.1038,98.9565,98.6436
202401,충남,"전문, 과학 및 기술 서비스업",0.3159,17718.3411,11.1233,2131877.0,2064.4596,3.1038,98.9565,98.6436
202401,충남,"사업시설 관리, 사업 지원 및 임대 서비스업",-0.0003,3419.9496,3.451,2131877.0,2064.4596,3.1038,98.9565,98.6436
202401,전북,제조업,0.1912,10081.6811,6.2561,1753591.0,2064.4596,3.1038,98.9565,98.6436
202401,전북,도매 및 소매업,-0.0622,15254.3506,8.9042,1753591.0,2064.4596,3.1038,98.9565,98.6436
202401,전북,정보통신업,0.7501,923.0222,47.2229,1753591.0,2064.4596,3.1038,98.9565,98.6436
202401,전북,"전문, 과학 및 기술 서비스업",0.1912,10081.6811,6.2561,1753591.0,2064.4596,3.1038,98.9565,98.6436
202401,전북,"사업시설 관리, 사업 지원 및 임대 서비스업",0.0,2226.2027,4.3194,1753591.0,2064.4596,3.1038,98.9565,98.6436
202401,전남,제조업,0.554,10651.6755,4.531,1806343.8761,2064.4596,3.1038,98.9565,98.6436
202401,전남,도매 및 소매업,0.05,13464.9285,3.7902,1806343.8761,2064.4596,3.1038,98.9565,98.6436
202401,전남,정보통신업,0.625,763.3315,41.8714,1806343.8761,2064.4596,3.1038,98.9565,98.6436
202401,전남,"전문, 과학 및 기술 서비스업",0.554,10651.6755,4.531,1806343.8761,2064.4596,3.1038,98.9565,98.6436
202401,전남,"사업시설 관리, 사업 지원 및 임대 서비스업",0.0,2211.1793,2.7953,1806343.8761,2064.4596,3.1038,98.9565,98.6436
202401,경북,제조업,0.1173,24420.0348,13.8695,2580212.0,2064.4596,3.1038,98.9565,98.6436
202401,경북,도매 및 소매업,0.0011,20307.173,7.762,2580212.0,2064.4596,3.1038,98.9565,98.6436
202401,경북,정보통신업,0.1076,1023.3061,40.8827,2580212.0,2064.4596,3.1038,98.9565,98.6436
202401,경북,"전문, 과학 및 기술 서비스업",0.1173,24420.0348,13.8695,2580212.0,2064.4596,3.1038,98.9565,98.6436
202401,경북,"사업시설 관리, 사업 지원 및 임대 서비스업",-0.0,3325.5297,2.1263,2580212.0,2064.4596,3.1038,98.9565,98.6436
202401,경남,제조업,0.26,33277.8943,30.2716,3309955.2185,2064.4596,3.1038,98.9565,98.6436
202401,경남,도매 및 소매업,0.289,26043.8348,13.3225,3309955.2185,2064.4596,3.1038,98.9565,98.6436
202401,경남,정보통신업,0.7417,1159.9123,69.7459,3309955.2185,2064.4596,3.1038,98.9565,98.6436
202401,경남,"전문, 과학 및 기술 서비스업",0.26,33277.8943,30.2716,3309955.2185,2064.4596,3.1038,98.9565,98.6436
202401,경남,"사업시설 관리, 사업 지원 및 임대 서비스업",0.0404,3458.1985,7.0658,3309955.2185,2064.4596,3.1038,98.9565,98.6436
202401,제주,제조업,0.0,2241.6552,1.8524,675377.0,2064.4596,3.1038,98.9565,98.6436
202401,제주,도매 및 소매업,0.0,8107.3394,3.0358,675377.0,2064.4596,3.1038,98.9565,98.6436
202401,제주,정보통신업,0.0194,588.8311,17.3887,675377.0,2064.4596,3.1038,98.9565,98.6436
202401,제주,"전문, 과학 및 기술 서비스업",0.0,2241.6552,1.8524,675377.0,2064.4596,3.1038,98.9565,98.6436
202401,제주,"사업시설 관리, 사업 지원 및 임대 서비스업",0.0,1534.521,3.4688,675377.0,2064.4596,3.1038,98.9565,98.6436
202402,서울,제조업,0.8663,31481.4387,75.5208,9351109.1129,2063.8344,3.0926,98.9014,98.8506
202402,서울,도매 및 소매업,-0.6863,134282.4021,182.7597,9351109.1129,2063.8344,3.0926,98.9014,98.8506
202402,서울,정보통신업,19.0051,37714.0921,1670.6356,9351109.1129,2063.8344,3.0926,98.9014,98.8506
202402,서울,"전문, 과학 및 기술 서비스업",0.8663,31481.4387,75.5208,9351109.1129,2063.8344,3.0926,98.9014,98.8506
202402,서울,"사업시설 관리, 사업 지원 및 임대 서비스업",0.3197,18162.7447,79.2568,9351109.1129,2063.8344,3.0926,98.9014,98.8506
202402,부산,제조업,0.5248,22908.7092,16.1108,3283316.0,2063.8344,3.0926,98.9014,98.8506
202402,부산,도매 및 소매업,0.138,35416.9826,34.8277,3283316.0,2063.8344,3.0926,98.9014,98.8506
202402,부산,정보통신업,2.1073,2461.4423,186.8708,3283316.0,2063.8344,3.0926,98.9014,98.8506
202402,부산,"전문, 과학 및 기술 서비스업",0.5248,22908.7092,16.1108,3283316.0,2063.8344,3.0926,98.9014,98.8506
202402,부산,"사업시설 관리, 사업 지원 및 임대 서비스업",0.0472,4256.322,6.0,3283316.0,2063.8344,3.0926,98.9014,98.8506
202402,대구,제조업,0.4833,17888.3216,21.0,2336699.0,2063.8344,3.0926,98.9014,98.8506
202402,대구,도매 및 소매업,0.2,23860.6709,7.5953,2336699.0,2063.8344,3.0926,98.9014,98.8506
202402,대구,정보통신업,1.2832,1668.6498,77.8148,2336699.0,2063.8344,3.0926,98.9014,98.8506
202402,대구,"전문, 과학 및 기술 서비스업",0.4833,17888.3216,21.0,2336699.0,2063.8344,3.0926,98.9014,98.8506
202402,대구,"사업시설 관리, 사업 지원 및 임대 서비스업",0.0,2961.8775,5.4512,2336699.0,2063.8344,3.0926,98.9014,98.8506
202402,인천,제조업,0.35,22317.5902,33.2838,2970843.577,2063.8344,3.0926,98.9014,98.8506
202402,인천,도매 및 소매업,0.2325,27366.7159,27.1908,2970843.577,2063.8344,3.0926,98.9014,98.8506
202402,인천,정보통신업,1.9417,2099.0945,168.6494,2970843.577,2063.8344,3.0926,98.9014,98.8506
202402,인천,"전문, 과학 및 기술 서비스업",0.35,22317.5902,33.2838,2970843.577,2063.8344,3.0926,98.9014,98.8506
202402,인천,"사업시설 관리, 사업 지원 및 임대 서비스업",-0.0133,3566.0386,15.0,2970843.577,2063.8344,3.0926,98.9014,98.8506
202402,광주,제조업,0.4083,7807.5022,10.0265,1426320.9584,2063.8344,3.0926,98.9014,98.8506
202402,광주,도매 및 소매업,0.2217,14233.0,8.4238,1426320.9584,2063.8344,3.0926,98.9014,98.8506
202402,광주,정보통신업,2.2414,1138.0401,71.6821,1426320.9584,2063.8344,3.0926,98.9014,98.8506
202402,광주,"전문, 과학 및 기술 서비스업",0.4083,7807.5022,10.0265,1426320.9584,2063.8344,3.0926,98.9014,98.8506
202402,광주,"사업시설 관리, 사업 지원 및 임대 서비스업",0.0,1947.0,10.4956,1426320.9584,2063.8344,3.0926,98.9014,98.8506
202402,대전,제조업,0.2594,6741.8304,21.137,1436594.0,2063.8344,3.0926,98.9014,98.8506
202402,대전,도매 및 소매업,0.1083,14887.0,17.0187,1436594.0,2063.8344,3.0926,98.9014,98.8506
202402,대전,정보통신업,1.497,2008.3941,196.9359,1436594.0,2063.8344,3.0926,98.9014,98.8506
202402,대전,"전문, 과학 및 기술 서비스업",0.2594,6741.8304,21.137,1436594.0,2063.8344,3.0926,98.9014,98.8506
202402,대전,"사업시설 관리, 사업 지원 및 임대 서비스업",-0.0,2425.3722,6.3804,1436594.0,2063.8344,3.0926,98.9014,98.8506
202402,울산,제조업,0.5784,7276.239,8.074,1109985.5151,2063.8344,3.0926,98.9014,98.8506
202402,울산,도매 및 소매업,0.2138,8772.2002,4.6592,1109985.5151,2063.8344,3.0926,98.9014,98.8506
202402,울산,정보통신업,0.4819,507.1387,42.9003,1109985.5151,2063.8344,3.0926,98.9014,98.8506
202402,울산,"전문, 과학 및 기술 서비스업",0.5784,7276.239,8.074,1109985.5151,2063.8344,3.0926,98.9014,98.8506
202402,울산,"사업시설 관리, 사업 지원 및 임대 서비스업",0.0022,1362.5553,0.304,1109985.5151,2063.8344,3.0926,98.9014,98.8506
202402,세종,제조업,0.0321,1271.5294,1.8226,422530.6323,2063.8344,3.0926,98.9014,98.8506
202402,세종,도매 및 소매업,0.0,2199.2941,1.359,422530.6323,2063.8344,3.0926,98.9014,98.8506
202402,세종,정보통신업,0.1043,377.9076,30.565,422530.6323,2063.8344,3.0926,98.9014,98.8506
202402,세종,"전문, 과학 및 기술 서비스업",0.0321,1271.5294,1.8226,422530.6323,2063.8344,3.0926,98.9014,98.8506
202402,세종,"사업시설 관리, 사업 지원 및 임대 서비스업",0.0,518.5572,3.4788,422530.6323,2063.8344,3.0926,98.9014,98.8506
202402,경기,제조업,2.4987,134846.9987,163.326,13791693.0616,2063.8344,3.0926,98.9014,98.8506
202402,경기,도매 및 소매업,1.1494,150278.604,142.6147,13791693.0616,2063.8344,3.0926,98.9014,98.8506
202402,경기,정보통신업,16.0237,14835.8281,1268.5799,13791693.0616,2063.8344,3.0926,98.9014,98.8506
202402,경기,"전문, 과학 및 기술 서비스업",2.4987,134846.9987,163.326,13791693.0616,2063.8344,3.0926,98.9014,98.8506
202402,경기,"사업시설 관리, 사업 지원 및 임대 서비스업",0.0,20798.5294,119.9001,13791693.0616,2063.8344,3.0926,98.9014,98.8506
202402,강원,제조업,-0.0397,6099.1511,0.0,1534817.2939,2063.8344,3.0926,98.9014,98.8506
202402,강원,도매 및 소매업,0.0,13570.9058,0.0,1534817.2939,2063.8344,3.0926,98.9014,98.8506
202402,강원,정보통신업,0.1687,835.3418,0.0,1534817.2939,2063.8344,3.0926,98.9014,98.8506
202402,강원,"전문, 과학 및 기술 서비스업",-0.0397,6099.1511,0.0,1534817.2939,2063.8344,3.0926,98.9014,98.8506
202402,강원,"사업시설 관리, 사업 지원 및 임대 서비스업",0.0,2546.1348,0.0,1534817.2939,2063.8344,3.0926,98.9014,98.8506
202402,충북,제조업,0.0184,14016.5863,5.9726,1592432.9786,2063.8344,3.0926,98.9014,98.8506
202402,충북,도매 및 소매업,0.0026,13839.1226,5.6389,1592432.9786,2063.8344,3.0926,98.9014,98.8506
202402,충북,정보통신업,0.5417,690.1656,17.7339,1592432.9786,2063.8344,3.0926,98.9014,98.8506
202402,충북,"전문, 과학 및 기술 서비스업",0.0184,14016.5863,5.9726,1592432.9786,2063.8344,3.0926,98.9014,98.8506
202402,충북,"사업시설 관리, 사업 지원 및 임대 서비스업",-0.0,2729.7763,2.4895,1592432.9786,2063.8344,3.0926,98.9014,98.8506
202402,충남,제조업,0.3159,17762.171,11.1697,2132557.0,2063.8344,3.0926,98.9014,98.8506
202402,충남,도매 및 소매업,0.0801,18038.5183,6.3219,2132557.0,2063.8344,3.0926,98.9014,98.8506
202402,충남,정보통신업,0.55,1035.1813,49.4316,2132557.0,2063.8344,3.0926,98.9014,98.8506
202402,충남,"전문, 과학 및 기술 서비스업",0.3159,17762.171,11.1697,2132557.0,2063.8344,3.0926,98.9014,98.8506
202402,충남,"사업시설 관리, 사업 지원 및 임대 서비스업",-0.0003,3435.1765,3.4622,2132557.0,2063.8344,3.0926,98.9014,98.8506
202402,전북,제조업,0.1912,10110.1912,6.2622,1752359.0,2063.8344,3.0926,98.9014,98.8506
202402,전북,도매 및 소매업,-0.0553,15378.3375,8.8773,1752359.0,2063.8344,3.0926,98.9014,98.8506
202402,전북,정보통신업,0.7501,926.947,44.5028,1752359.0,2063.8344,3.0926,98.9014,98.8506
202402,전북,"전문, 과학 및 기술 서비스업",0.1912,10110.1912,6.2622,1752359.0,2063.8344,3.0926,98.9014,98.8506
202402,전북,"사업시설 관리, 사업 지원 및 임대 서비스업",0.0,2232.6581,4.3372,1752359.0,2063.8344,3.0926,98.9014,98.8506
202402,전남,제조업,0.1148,10684.6636,5.4139,1804663.9628,2063.8344,3.0926,98.9014,98.8506
202402,전남,도매 및 소매업,0.05,13510.5024,3.8193,1804663.9628,2063.8344,3.0926,98.9014,98.8506
202402,전남,정보통신업,0.625,767.4504,40.6765,1804663.9628,2063.8344,3.0926,98.9014,98.8506
202402,전남,"전문, 과학 및 기술 서비스업",0.1148,10684.6636,5.4139,1804663.9628,2063.8344,3.0926,98.9014,98.8506
202402,전남,"사업시설 관리, 사업 지원 및 임대 서비스업",0.0,2231.44,2.8042,1804663.9628,2063.8344,3.0926,98.9014,98.8506
202402,경북,제조업,0.428,24401.5667,13.8635,2578652.0,2063.8344,3.0926,98.9014,98.8506
202402,경북,도매 및 소매업,0.0012,20382.8653,9.206,2578652.0,2063.8344,3.0926,98.9014,98.8506
202402,경북,정보통신업,0.1012,1027.2512,40.9778,2578652.0,2063.8344,3.0926,98.9014,98.8506
202402,경북,"전문, 과학 및 기술 서비스업",0.428,24401.5667,13.8635,2578652.0,2063.8344,3.0926,98.9014,98.8506
202402,경북,"사업시설 관리, 사업 지원 및 임대 서비스업",1.0,3330.2454,2.0,2578652.0,2063.8344,3.0926,98.9014,98.8506
202402,경남,제조업,0.2629,33336.9714,32.3697,3305778.7165,2063.8344,3.0926,98.9014,98.8506
202402,경남,도매 및 소매업,0.2912,26162.905,13.2717,3305778.7165,2063.8344,3.0926,98.9014,98.8506
202402,경남,정보통신업,0.7417,1165.1364,69.7459,3305778.7165,2063.8344,3.0926,98.9014,98.8506
202402,경남,"전문, 과학 및 기술 서비스업",0.2629,33336.9714,32.3697,3305778.7165,2063.8344,3.0926,98.9014,98.8506
202402,경남,"사업시설 관리, 사업 지원 및 임대 서비스업",0.0404,3473.3032,7.1279,3305778.7165,2063.8344,3.0926,98.9014,98.8506
202402,제주,제조업,0.0,2256.5116,2.0,675163.0,2063.8344,3.0926,98.9014,98.8506
202402,제주,도매 및 소매업,0.0,8145.3666,3.0018,675163.0,2063.8344,3.0926,98.9014,98.8506
202402,제주,정보통신업,0.0194,593.1647,17.1954,675163.0,2063.8344,3.0926,98.9014,98.8506
202402,제주,"전문, 과학 및 기술 서비스업",0.0,2256.5116,2.0,675163.0,2063.8344,3.0926,98.9014,98.8506
202402,제주,"사업시설 관리, 사업 지원 및 임대 서비스업",0.0,1541.1765,3.3506,675163.0,2063.8344,3.0926,98.9014,98.8506
202403,서울,제조업,0.8663,31456.4453,75.3136,9344669.8782,2063.2822,3.0815,98.8788,99.03
202403,서울,도매 및 소매업,2.251,134475.6091,183.0776,9344669.8782,2063.2822,3.0815,98.8788,99.03
202403,서울,정보통신업,20.0414,38003.95,1749.2833,9344669.8782,2063.2822,3.0815,98.8788,99.03
202403,서울,"전문, 과학 및 기술 서비스업",0.8663,31456.4453,75.3136,9344669.8782,2063.2822,3.0815,98.8788,99.03
202403,서울,"사업시설 관리, 사업 지원 및 임대 서비스업",0.3327,18139.7708,79.2007,9344669.8782,2063.2822,3.0815,98.8788,99.03
202403,부산,제조업,0.5248,22984.7282,16.2432,3280852.0,2063.2822,3.0815,98.8788,99.03
202403,부산,도매 및 소매업,0.1364,35502.3196,38.5882,3280852.0,2063.2822,3.0815,98.8788,99.03
202403,부산,정보통신업,2.1073,2478.5787,189.5993,3280852.0,2063.2822,3.0815,98.8788,99.03
202403,부산,"전문, 과학 및 기술 서비스업",0.5248,22984.7282,16.2432,3280852.0,2063.2822,3.0815,98.8788,99.03
202403,부산,"사업시설 관리, 사업 지원 및 임대 서비스업",0.0472,4260.4692,6.0,3280852.0,2063.2822,3.0815,98.8788,99.03
202403,대구,제조업,0.4833,17880.8548,21.0,2334771.0,2063.2822,3.0815,98.8788,99.03
202403,대구,도매 및 소매업,0.2,23939.004,7.9861,2334771.0,2063.2822,3.0815,98.8788,99.03
202403,대구,정보통신업,1.2832,1674.1367,77.4039,2334771.0,2063.2822,3.0815,98.8788,99.03
202403,대구,"전문, 과학 및 기술 서비스업",0.4833,17880.8548,21.0,2334771.0,2063.2822,3.0815,98.8788,99.03
202403,대구,"사업시설 관리, 사업 지원 및 임대 서비스업",0.0,2963.573,5.6861,2334771.0,2063.2822,3.0815,98.8788,99.03
202403,인천,제조업,0.35,22395.3198,33.2874,2967823.577,2063.2822,3.0815,98.8788,99.03
202403,인천,도매 및 소매업,0.2325,27554.7358,27.2181,2967823.577,2063.2822,3.0815,98.8788,99.03
202403,인천,정보통신업,1.9417,2114.2729,167.6846,2967823.577,2063.2822,3.0815,98.8788,99.03
202403,인천,"전문, 과학 및 기술 서비스업",0.35,22395.3198,33.2874,2967823.577,2063.2822,3.0815,98.8788,99.03
202403,인천,"사업시설 관리, 사업 지원 및 임대 서비스업",-0.0129,3565.19,15.0,2967823.577,2063.2822,3.0815,98.8788,99.03
202403,광주,제조업,0.4083,7827.0731,10.0114,1425467.7011,2063.2822,3.0815,98.8788,99.03
202403,광주,도매 및 소매업,0.2224,14233.0,8.3611,1425467.7011,2063.2822,3.0815,98.8788,99.03
202403,광주,정보통신업,3.0225,1141.855,84.2542,1425467.7011,2063.2822,3.0815,98.8788,99.03
202403,광주,"전문, 과학 및 기술 서비스업",0.4083,7827.0731,10.0114,1425467.7011,2063.2822,3.0815,98.8788,99.03
202403,광주,"사업시설 관리, 사업 지원 및 임대 서비스업",0.0,1947.0,7.7294,1425467.7011,2063.2822,3.0815,98.8788,99.03
202403,대전,제조업,0.2594,6766.4748,21.2169,1435917.0,2063.2822,3.0815,98.8788,99.03
202403,대전,도매 및 소매업,0.1083,14887.0,17.4456,1435917.0,2063.2822,3.0815,98.8788,99.03
202403,대전,정보통신업,1.517,2014.1943,209.6094,1435917.0,2063.2822,3.0815,98.8788,99.03
202403,대전,"전문, 과학 및 기술 서비스업",0.2594,6766.4748,21.2169,1435917.0,2063.2822,3.0815,98.8788,99.03
202403,대전,"사업시설 관리, 사업 지원 및 임대 서비스업",-0.0,2435.8138,6.2787,1435917.0,2063.2822,3.0815,98.8788,99.03
202403,울산,제조업,0.6687,7287.4535,7.8469,1108551.0698,2063.2822,3.0815,98.8788,99.03
202403,울산,도매 및 소매업,0.1031,8766.1247,4.6188,1108551.0698,2063.2822,3.0815,98.8788,99.03
202403,울산,정보통신업,0.4819,506.9371,36.2518,1108551.0698,2063.2822,3.0815,98.8788,99.03
202403,울산,"전문, 과학 및 기술 서비스업",0.6687,7287.4535,7.8469,1108551.0698,2063.2822,3.0815,98.8788,99.03
202403,울산,"사업시설 관리, 사업 지원 및 임대 서비스업",0.0023,1364.8807,0.3663,1108551.0698,2063.2822,3.0815,98.8788,99.03
202403,세종,제조업,0.0321,1275.4958,1.8258,425025.3755,2063.2822,3.0815,98.8788,99.03
202403,세종,도매 및 소매업,0.0,2212.3866,1.3416,425025.3755,2063.2822,3.0815,98.8788,99.03
202403,세종,정보통신업,0.113,381.5781,30.5179,425025.3755,2063.2822,3.0815,98.8788,99.03
202403,세종,"전문, 과학 및 기술 서비스업",0.0321,1275.4958,1.8258,425025.3755,2063.2822,3.0815,98.8788,99.03
202403,세종,"사업시설 관리, 사업 지원 및 임대 서비스업",0.0,527.141,3.4952,425025.3755,2063.2822,3.0815,98.8788,99.03
202403,경기,제조업,2.4987,135150.173,166.8607,13805539.8239,2063.2822,3.0815,98.8788,99.03
202403,경기,도매 및 소매업,1.1494,151165.0014,142.9346,13805539.8239,2063.2822,3.0815,98.8788,99.03
202403,경기,정보통신업,16.0237,14933.2558,1268.5889,13805539.8239,2063.2822,3.0815,98.8788,99.03
202403,경기,"전문, 과학 및 기술 서비스업",2.4987,135150.173,166.8607,13805539.8239,2063.2822,3.0815,98.8788,99.03
202403,경기,"사업시설 관리, 사업 지원 및 임대 서비스업",0.0,20901.2101,119.5084,13805539.8239,2063.2822,3.0815,98.8788,99.03
202403,강원,제조업,0.0523,6119.5664,0.0,1534313.7675,2063.2822,3.0815,98.8788,99.03
202403,강원,도매 및 소매업,0.0,13611.1329,0.0,1534313.7675,2063.2822,3.0815,98.8788,99.03
202403,강원,정보통신업,0.169,839.482,0.0,1534313.7675,2063.2822,3.0815,98.8788,99.03
202403,강원,"전문, 과학 및 기술 서비스업",0.0523,6119.5664,0.0,1534313.7675,2063.2822,3.0815,98.8788,99.03
202403,강원,"사업시설 관리, 사업 지원 및 임대 서비스업",0.0,2582.3182,0.0,1534313.7675,2063.2822,3.0815,98.8788,99.03
202403,충북,제조업,1.0185,14032.976,5.9709,1592276.7569,2063.2822,3.0815,98.8788,99.03
202403,충북,도매 및 소매업,0.0045,13884.7939,5.6861,1592276.7569,2063.2822,3.0815,98.8788,99.03
202403,충북,정보통신업,0.5417,693.5175,20.2242,1592276.7569,2063.2822,3.0815,98.8788,99.03
202403,충북,"전문, 과학 및 기술 서비스업",1.0185,14032.976,5.9709,1592276.7569,2063.2822,3.0815,98.8788,99.03
202403,충북,"사업시설 관리, 사업 지원 및 임대 서비스업",-0.0,2763.9949,2.4903,1592276.7569,2063.2822,3.0815,98.8788,99.03
202403,충남,제조업,0.3159,17806.001,11.2093,2133237.0,2063.2822,3.0815,98.8788,99.03
202403,충남,도매 및 소매업,0.0801,18102.4637,6.3031,2133237.0,2063.2822,3.0815,98.8788,99.03
202403,충남,정보통신업,0.55,1042.6942,47.2115,2133237.0,2063.2822,3.0815,98.8788,99.03
202403,충남,"전문, 과학 및 기술 서비스업",0.3159,17806.001,11.2093,2133237.0,2063.2822,3.0815,98.8788,99.03
202403,충남,"사업시설 관리, 사업 지원 및 임대 서비스업",-0.0003,3450.4034,3.472,2133237.0,2063.2822,3.0815,98.8788,99.03
202403,전북,제조업,0.1912,10138.7012,6.2673,1751127.0,2063.2822,3.0815,98.8788,99.03
202403,전북,도매 및 소매업,-0.0489,15463.5317,8.854,1751127.0,2063.2822,3.0815,98.8788,99.03
202403,전북,정보통신업,0.7501,930.8718,44.6806,1751127.0,2063.2822,3.0815,98.8788,99.03
202403,전북,"전문, 과학 및 기술 서비스업",0.1912,10138.7012,6.2673,1751127.0,2063.2822,3.0815,98.8788,99.03
202403,전북,"사업시설 관리, 사업 지원 및 임대 서비스업",0.0,2259.3366,4.3705,1751127.0,2063.2822,3.0815,98.8788,99.03
202403,전남,제조업,0.1148,10717.6517,5.2376,1803085.2994,2063.2822,3.0815,98.8788,99.03
202403,전남,도매 및 소매업,0.05,13556.0762,3.8484,1803085.2994,2063.2822,3.0815,98.8788,99.03
202403,전남,정보통신업,0.625,771.5692,39.1931,1803085.2994,2063.2822,3.0815,98.8788,99.03
202403,전남,"전문, 과학 및 기술 서비스업",0.1148,10717.6517,5.2376,1803085.2994,2063.2822,3.0815,98.8788,99.03
202403,전남,"사업시설 관리, 사업 지원 및 임대 서비스업",0.0,2245.8247,2.8112,1803085.2994,2063.2822,3.0815,98.8788,99.03
202403,경북,제조업,0.1147,24337.2307,13.8917,2577092.0,2063.2822,3.0815,98.8788,99.03
202403,경북,도매 및 소매업,0.0013,20458.5576,8.1349,2577092.0,2063.2822,3.0815,98.8788,99.03
202403,경북,정보통신업,0.0948,1031.1962,41.1027,2577092.0,2063.2822,3.0815,98.8788,99.03
202403,경북,"전문, 과학 및 기술 서비스업",0.1147,24337.2307,13.8917,2577092.0,2063.2822,3.0815,98.8788,99.03
202403,경북,"사업시설 관리, 사업 지원 및 임대 서비스업",-0.0,3343.7772,2.1263,2577092.0,2063.2822,3.0815,98.8788,99.03
202403,경남,제조업,0.2658,33396.0484,30.4349,3302049.7211,2063.2822,3.0815,98.8788,99.03
202403,경남,도매 및 소매업,0.2934,26216.3561,13.2266,3302049.7211,2063.2822,3.0815,98.8788,99.03
202403,경남,정보통신업,0.7417,1170.3604,69.7459,3302049.7211,2063.2822,3.0815,98.8788,99.03
202403,경남,"전문, 과학 및 기술 서비스업",0.2658,33396.0484,30.4349,3302049.7211,2063.2822,3.0815,98.8788,99.03
202403,경남,"사업시설 관리, 사업 지원 및 임대 서비스업",0.0404,3488.4079,7.1789,3302049.7211,2063.2822,3.0815,98.8788,99.03
202403,제주,제조업,0.0,2261.2606,1.8524,674949.0,2063.2822,3.0815,98.8788,99.03
202403,제주,도매 및 소매업,0.0,8175.9507,2.9746,674949.0,2063.2822,3.0815,98.8788,99.03
202403,제주,정보통신업,1.0194,594.8513,17.0213,674949.0,2063.2822,3.0815,98.8788,99.03
202403,제주,"전문, 과학 및 기술 서비스업",0.0,2261.2606,1.8524,674949.0,2063.2822,3.0815,98.8788,99.03
202403,제주,"사업시설 관리, 사업 지원 및 임대 서비스업",0.0,1547.8319,3.2475,674949.0,2063.2822,3.0815,98.8788,99.03
202404,서울,제조업,0.8663,31431.4519,75.5376,9338230.6435,2062.7944,3.0703,98.9678,99.1855
202404,서울,도매 및 소매업,3.7704,134617.0906,182.8701,9338230.6435,2062.7944,3.0703,98.9678,99.1855
202404,서울,정보통신업,19.2362,38240.9124,1763.6028,9338230.6435,2062.7944,3.0703,98.9678,99.1855
202404,서울,"전문, 과학 및 기술 서비스업",0.8663,31431.4519,75.5376,9338230.6435,2062.7944,3.0703,98.9678,99.1855
202404,서울,"사업시설 관리, 사업 지원 및 임대 서비스업",0.3262,18116.9761,79.2621,9338230.6435,2062.7944,3.0703,98.9678,99.1855
202404,부산,제조업,0.5248,23021.7403,16.3755,3278388.0,2062.7944,3.0703,98.9678,99.1855
202404,부산,도매 및 소매업,0.1347,35587.6567,43.0405,3278388.0,2062.7944,3.0703,98.9678,99.1855
202404,부산,정보통신업,2.1073,2492.3358,192.4549,3278388.0,2062.7944,3.0703,98.9678,99.1855
202404,부산,"전문, 과학 및 기술 서비스업",0.5248,23021.7403,16.3755,3278388.0,2062.7944,3.0703,98.9678,99.1855
202404,부산,"사업시설 관리, 사업 지원 및 임대 서비스업",0.0592,4264.5429,6.0,3278388.0,2062.7944,3.0703,98.9678,99.1855
202404,대구,제조업,0.4833,17873.4173,21.0,2332843.0,2062.7944,3.0703,98.9678,99.1855
202404,대구,도매 및 소매업,0.2,24014.5346,7.569,2332843.0,2062.7944,3.0703,98.9678,99.1855
202404,대구,정보통신업,1.2832,1679.7613,77.0212,2332843.0,2062.7944,3.0703,98.9678,99.1855
202404,대구,"전문, 과학 및 기술 서비스업",0.4833,17873.4173,21.0,2332843.0,2062.7944,3.0703,98.9678,99.1855
202404,대구,"사업시설 관리, 사업 지원 및 임대 서비스업",0.0,2965.2688,5.421,2332843.0,2062.7944,3.0703,98.9678,99.1855
202404,인천,제조업,0.35,22509.8434,33.2897,2970114.577,2062.7944,3.0703,98.9678,99.1855
202404,인천,도매 및 소매업,0.2325,27711.7303,27.2392,2970114.577,2062.7944,3.0703,98.9678,99.1855
202404,인천,정보통신업,1.9417,2129.4487,166.8571,2970114.577,2062.7944,3.0703,98.9678,99.1855
202404,인천,"전문, 과학 및 기술 서비스업",0.35,22509.8434,33.2897,2970114.577,2062.7944,3.0703,98.9678,99.1855
202404,인천,"사업시설 관리, 사업 지원 및 임대 서비스업",-0.0122,3564.3422,15.0,2970114.577,2062.7944,3.0703,98.9678,99.1855
202404,광주,제조업,0.4083,7847.2127,10.2427,1425046.9763,2062.7944,3.0703,98.9678,99.1855
202404,광주,도매 및 소매업,0.2231,14233.0,8.311,1425046.9763,2062.7944,3.0703,98.9678,99.1855
202404,광주,정보통신업,2.6999,1145.67,89.3333,1425046.9763,2062.7944,3.0703,98.9678,99.1855
202404,광주,"전문, 과학 및 기술 서비스업",0.4083,7847.2127,10.2427,1425046.9763,2062.7944,3.0703,98.9678,99.1855
202404,광주,"사업시설 관리, 사업 지원 및 임대 서비스업",0.0,1947.0,10.5999,1425046.9763,2062.7944,3.0703,98.9678,99.1855
202404,대전,제조업,0.2594,6785.5892,21.2969,1435240.0,2062.7944,3.0703,98.9678,99.1855
202404,대전,도매 및 소매업,0.1083,14887.0,17.8827,1435240.0,2062.7944,3.0703,98.9678,99.1855
202404,대전,정보통신업,1.4989,2023.9012,206.3231,1435240.0,2062.7944,3.0703,98.9678,99.1855
202404,대전,"전문, 과학 및 기술 서비스업",0.2594,6785.5892,21.2969,1435240.0,2062.7944,3.0703,98.9678,99.1855
202404,대전,"사업시설 관리, 사업 지원 및 임대 서비스업",-0.0,2446.2555,6.3973,1435240.0,2062.7944,3.0703,98.9678,99.1855
202404,울산,제조업,0.6508,7295.5141,8.1389,1107745.0946,2062.7944,3.0703,98.9678,99.1855
202404,울산,도매 및 소매업,0.2632,8836.6051,4.5856,1107745.0946,2062.7944,3.0703,98.9678,99.1855
202404,울산,정보통신업,0.4819,506.7359,39.0331,1107745.0946,2062.7944,3.0703,98.9678,99.1855
202404,울산,"전문, 과학 및 기술 서비스업",0.6508,7295.5141,8.1389,1107745.0946,2062.7944,3.0703,98.9678,99.1855
202404,울산,"사업시설 관리, 사업 지원 및 임대 서비스업",0.0024,1367.206,0.6574,1107745.0946,2062.7944,3.0703,98.9678,99.1855
202404,세종,제조업,0.0321,1279.4622,1.8283,427143.9473,2062.7944,3.0703,98.9678,99.1855
202404,세종,도매 및 소매업,0.0,2225.479,1.3274,427143.9473,2062.7944,3.0703,98.9678,99.1855
202404,세종,정보통신업,0.1217,385.2486,32.3189,427143.9473,2062.7944,3.0703,98.9678,99.1855
202404,세종,"전문, 과학 및 기술 서비스업",0.0321,1279.4622,1.8283,427143.9473,2062.7944,3.0703,98.9678,99.1855
202404,세종,"사업시설 관리, 사업 지원 및 임대 서비스업",0.0,531.2144,3.5116,427143.9473,2062.7944,3.0703,98.9678,99.1855
202404,경기,제조업,2.4987,135453.3473,170.704,13819386.5863,2062.7944,3.0703,98.9678,99.1855
202404,경기,도매 및 소매업,1.1494,151899.4503,143.8831,13819386.5863,2062.7944,3.0703,98.9678,99.1855
202404,경기,정보통신업,16.0237,15020.7391,1268.5851,13819386.5863,2062.7944,3.0703,98.9678,99.1855
202404,경기,"전문, 과학 및 기술 서비스업",2.4987,135453.3473,170.704,13819386.5863,2062.7944,3.0703,98.9678,99.1855
202404,경기,"사업시설 관리, 사업 지원 및 임대 서비스업",0.0,21003.8908,113.7641,13819386.5863,2062.7944,3.0703,98.9678,99.1855
202404,강원,제조업,0.0143,6139.9817,0.0,1534281.014,2062.7944,3.0703,98.9678,99.1855
202404,강원,도매 및 소매업,0.0,13652.6863,0.0,1534281.014,2062.7944,3.0703,98.9678,99.1855
202404,강원,정보통신업,0.1693,843.6223,0.0,1534281.014,2062.7944,3.0703,98.9678,99.1855
202404,강원,"전문, 과학 및 기술 서비스업",0.0143,6139.9817,0.0,1534281.014,2062.7944,3.0703,98.9678,99.1855
202404,강원,"사업시설 관리, 사업 지원 및 임대 서비스업",0.0,2614.3223,0.0,1534281.014,2062.7944,3.0703,98.9678,99.1855
202404,충북,제조업,0.0185,14068.4188,5.9696,1592124.1979,2062.7944,3.0703,98.9678,99.1855
202404,충북,도매 및 소매업,0.0063,13930.4653,5.6389,1592124.1979,2062.7944,3.0703,98.9678,99.1855
202404,충북,정보통신업,0.5417,696.8694,19.9831,1592124.1979,2062.7944,3.0703,98.9678,99.1855
202404,충북,"전문, 과학 및 기술 서비스업",0.0185,14068.4188,5.9696,1592124.1979,2062.7944,3.0703,98.9678,99.1855
202404,충북,"사업시설 관리, 사업 지원 및 임대 서비스업",-0.0,2807.9502,2.4908,1592124.1979,2062.7944,3.0703,98.9678,99.1855
202404,충남,제조업,0.3159,17849.831,11.2433,2133917.0,2062.7944,3.0703,98.9678,99.1855
202404,충남,도매 및 소매업,0.0801,18166.4103,6.29,2133917.0,2062.7944,3.0703,98.9678,99.1855
202404,충남,정보통신업,0.55,1050.2072,48.8264,2133917.0,2062.7944,3.0703,98.9678,99.1855
202404,충남,"전문, 과학 및 기술 서비스업",0.3159,17849.831,11.2433,2133917.0,2062.7944,3.0703,98.9678,99.1855
202404,충남,"사업시설 관리, 사업 지원 및 임대 서비스업",-0.0003,3465.6303,3.4804,2133917.0,2062.7944,3.0703,98.9678,99.1855
202404,전북,제조업,0.1912,10167.2112,6.2718,1749895.0,2062.7944,3.0703,98.9678,99.1855
202404,전북,도매 및 소매업,-0.043,15557.8818,8.8338,1749895.0,2062.7944,3.0703,98.9678,99.1855
202404,전북,정보통신업,0.7501,934.7966,38.297,1749895.0,2062.7944,3.0703,98.9678,99.1855
202404,전북,"전문, 과학 및 기술 서비스업",0.1912,10167.2112,6.2718,1749895.0,2062.7944,3.0703,98.9678,99.1855
202404,전북,"사업시설 관리, 사업 지원 및 임대 서비스업",0.0,2259.1326,4.3883,1749895.0,2062.7944,3.0703,98.9678,99.1855
202404,전남,제조업,0.1148,10750.6399,5.3695,1802700.9509,2062.7944,3.0703,98.9678,99.1855
202404,전남,도매 및 소매업,0.05,13601.65,3.8775,1802700.9509,2062.7944,3.0703,98.9678,99.1855
202404,전남,정보통신업,0.625,775.6881,36.4597,1802700.9509,2062.7944,3.0703,98.9678,99.1855
202404,전남,"전문, 과학 및 기술 서비스업",0.1148,10750.6399,5.3695,1802700.9509,2062.7944,3.0703,98.9678,99.1855
202404,전남,"사업시설 관리, 사업 지원 및 임대 서비스업",0.0,2248.3245,2.8166,1802700.9509,2062.7944,3.0703,98.9678,99.1855
202404,경북,제조업,0.4253,24488.9095,13.888,2575532.0,2062.7944,3.0703,98.9678,99.1855
202404,경북,도매 및 소매업,0.0014,20534.2499,7.9554,2575532.0,2062.7944,3.0703,98.9678,99.1855
202404,경북,정보통신업,0.0884,1035.1412,41.5068,2575532.0,2062.7944,3.0703,98.9678,99.1855
202404,경북,"전문, 과학 및 기술 서비스업",0.4253,24488.9095,13.888,2575532.0,2062.7944,3.0703,98.9678,99.1855
202404,경북,"사업시설 관리, 사업 지원 및 임대 서비스업",-0.0,3374.1449,2.0,2575532.0,2062.7944,3.0703,98.9678,99.1855
202404,경남,제조업,0.2686,33455.1254,33.5009,3299467.7368,2062.7944,3.0703,98.9678,99.1855
202404,경남,도매 및 소매업,0.2957,26335.4263,13.1866,3299467.7368,2062.7944,3.0703,98.9678,99.1855
202404,경남,정보통신업,0.7417,1175.5844,69.7459,3299467.7368,2062.7944,3.0703,98.9678,99.1855
202404,경남,"전문, 과학 및 기술 서비스업",0.2686,33455.1254,33.5009,3299467.7368,2062.7944,3.0703,98.9678,99.1855
202404,경남,"사업시설 관리, 사업 지원 및 임대 서비스업",0.0404,3503.5126,7.2209,3299467.7368,2062.7944,3.0703,98.9678,99.1855
202404,제주,제조업,0.0,2275.9083,2.0,674735.0,2062.7944,3.0703,98.9678,99.1855
202404,제주,도매 및 소매업,0.0,8222.7866,2.9529,674735.0,2062.7944,3.0703,98.9678,99.1855
202404,제주,정보통신업,0.0194,599.1998,16.8643,674735.0,2062.7944,3.0703,98.9678,99.1855
202404,제주,"전문, 과학 및 기술 서비스업",0.0,2275.9083,2.0,674735.0,2062.7944,3.0703,98.9678,99.1855
202404,제주,"사업시설 관리, 사업 지원 및 임대 서비스업",0.0,1554.4874,3.1575,674735.0,2062.7944,3.0703,98.9678,99.1855
202405,서울,제조업,0.8663,31406.4585,75.2978,9331791.4088,2062.3636,3.0592,98.9775,99.3202
202405,서울,도매 및 소매업,0.9038,134730.8662,183.188,9331791.4088,2062.3636,3.0592,98.9775,99.3202
202405,서울,정보통신업,20.2725,38277.8463,1734.8487,9331791.4088,2062.3636,3.0592,98.9775,99.3202
202405,서울,"전문, 과학 및 기술 서비스업",0.8663,31406.4585,75.2978,9331791.4088,2062.3636,3.0592,98.9775,99.3202
202405,서울,"사업시설 관리, 사업 지원 및 임대 서비스업",0.3236,18094.3591,79.237,9331791.4088,2062.3636,3.0592,98.9775,99.3202
202405,부산,제조업,0.5248,23047.9188,16.3755,3275924.0,2062.3636,3.0592,98.9775,99.3202
202405,부산,도매 및 소매업,0.1331,35672.9937,32.2386,3275924.0,2062.3636,3.0592,98.9775,99.3202
202405,부산,정보통신업,2.1073,2501.0963,195.1189,3275924.0,2062.3636,3.0592,98.9775,99.3202
202405,부산,"전문, 과학 및 기술 서비스업",0.5248,23047.9188,16.3755,3275924.0,2062.3636,3.0592,98.9775,99.3202
202405,부산,"사업시설 관리, 사업 지원 및 임대 서비스업",0.0592,4268.5442,6.0,3275924.0,2062.3636,3.0592,98.9775,99.3202
202405,대구,제조업,0.4833,17866.009,21.0,2330915.0,2062.3636,3.0592,98.9775,99.3202
202405,대구,도매 및 소매업,0.2,24092.8677,7.9653,2330915.0,2062.3636,3.0592,98.9775,99.3202
202405,대구,정보통신업,1.2832,1685.2446,76.6645,2330915.0,2062.3636,3.0592,98.9775,99.3202
202405,대구,"전문, 과학 및 기술 서비스업",0.4833,17866.009,21.0,2330915.0,2062.3636,3.0592,98.9775,99.3202
202405,대구,"사업시설 관리, 사업 지원 및 임대 서비스업",0.0,2966.9646,5.6559,2330915.0,2062.3636,3.0592,98.9775,99.3202
202405,인천,제조업,0.35,22454.1044,33.2912,2972546.577,2062.3636,3.0592,98.9775,99.3202
202405,인천,도매 및 소매업,0.2325,27679.6542,27.2556,2972546.577,2062.3636,3.0592,98.9775,99.3202
202405,인천,정보통신업,1.9417,2144.6236,166.1473,2972546.577,2062.3636,3.0592,98.9775,99.3202
202405,인천,"전문, 과학 및 기술 서비스업",0.35,22454.1044,33.2912,2972546.577,2062.3636,3.0592,98.9775,99.3202
202405,인천,"사업시설 관리, 사업 지원 및 임대 서비스업",0.0181,3563.4952,15.0,2972546.577,2062.3636,3.0592,98.9775,99.3202
202405,광주,제조업,0.4083,7870.1186,9.3044,1424880.2283,2062.3636,3.0592,98.9775,99.3202
202405,광주,도매 및 소매업,0.2237,14233.0,8.311,1424880.2283,2062.3636,3.0592,98.9775,99.3202
202405,광주,정보통신업,3.5905,1149.4849,90.4054,1424880.2283,2062.3636,3.0592,98.9775,99.3202
202405,광주,"전문, 과학 및 기술 서비스업",0.4083,7870.1186,9.3044,1424880.2283,2062.3636,3.0592,98.9775,99.3202
202405,광주,"사업시설 관리, 사업 지원 및 임대 서비스업",0.0,1947.0,7.8334,1424880.2283,2062.3636,3.0592,98.9775,99.3202
202405,대전,제조업,0.2594,6795.2811,21.3769,1434563.0,2062.3636,3.0592,98.9775,99.3202
202405,대전,도매 및 소매업,0.1083,14887.0,18.2332,1434563.0,2062.3636,3.0592,98.9775,99.3202
202405,대전,정보통신업,1.5152,2029.7014,203.072,1434563.0,2062.3636,3.0592,98.9775,99.3202
202405,대전,"전문, 과학 및 기술 서비스업",0.2594,6795.2811,21.3769,1434563.0,2062.3636,3.0592,98.9775,99.3202
202405,대전,"사업시설 관리, 사업 지원 및 임대 서비스업",-0.0,2456.6971,6.2955,1434563.0,2062.3636,3.0592,98.9775,99.3202
202405,울산,제조업,0.6563,7216.4404,7.9118,1107023.095,2062.3636,3.0592,98.9775,99.3202
202405,울산,도매 및 소매업,-0.0251,8896.4089,4.5583,1107023.095,2062.3636,3.0592,98.9775,99.3202
202405,울산,정보통신업,0.4819,506.535,40.1744,1107023.095,2062.3636,3.0592,98.9775,99.3202
202405,울산,"전문, 과학 및 기술 서비스업",0.6563,7216.4404,7.9118,1107023.095,2062.3636,3.0592,98.9775,99.3202
202405,울산,"사업시설 관리, 사업 지원 및 임대 서비스업",0.0025,1369.5314,1.1333,1107023.095,2062.3636,3.0592,98.9775,99.3202
202405,세종,제조업,0.0571,1283.4286,1.83,429302.6256,2062.3636,3.0592,98.9775,99.3202
202405,세종,도매 및 소매업,0.0,2238.5714,1.3159,429302.6256,2062.3636,3.0592,98.9775,99.3202
202405,세종,정보통신업,0.1303,388.919,31.2802,429302.6256,2062.3636,3.0592,98.9775,99.3202
202405,세종,"전문, 과학 및 기술 서비스업",0.0571,1283.4286,1.83,429302.6256,2062.3636,3.0592,98.9775,99.3202
202405,세종,"사업시설 관리, 사업 지원 및 임대 서비스업",0.0,530.297,3.528,429302.6256,2062.3636,3.0592,98.9775,99.3202
202405,경기,제조업,2.4987,135756.5216,173.5718,13833233.3486,2062.3636,3.0592,98.9775,99.3202
202405,경기,도매 및 소매업,1.1494,152729.6157,143.4279,13833233.3486,2062.3636,3.0592,98.9775,99.3202
202405,경기,정보통신업,16.0237,15095.7224,1268.5862,13833233.3486,2062.3636,3.0592,98.9775,99.3202
202405,경기,"전문, 과학 및 기술 서비스업",2.4987,135756.5216,173.5718,13833233.3486,2062.3636,3.0592,98.9775,99.3202
202405,경기,"사업시설 관리, 사업 지원 및 임대 서비스업",0.0,21106.5714,99.7952,13833233.3486,2062.3636,3.0592,98.9775,99.3202
202405,강원,제조업,0.0637,6160.3969,0.0,1534434.9304,2062.3636,3.0592,98.9775,99.3202
202405,강원,도매 및 소매업,0.0,13653.9174,0.0,1534434.9304,2062.3636,3.0592,98.9775,99.3202
202405,강원,정보통신업,0.1696,847.7625,0.0,1534434.9304,2062.3636,3.0592,98.9775,99.3202
202405,강원,"전문, 과학 및 기술 서비스업",0.0637,6160.3969,0.0,1534434.9304,2062.3636,3.0592,98.9775,99.3202
202405,강원,"사업시설 관리, 사업 지원 및 임대 서비스업",0.0,2646.1572,0.0,1534434.9304,2062.3636,3.0592,98.9775,99.3202
202405,충북,제조업,0.0185,14134.2345,5.9688,1591975.2159,2062.3636,3.0592,98.9775,99.3202
202405,충북,도매 및 소매업,0.008,13976.1367,5.6861,1591975.2159,2062.3636,3.0592,98.9775,99.3202
202405,충북,정보통신업,0.5417,700.2214,20.2781,1591975.2159,2062.3636,3.0592,98.9775,99.3202
202405,충북,"전문, 과학 및 기술 서비스업",0.0185,14134.2345,5.9688,1591975.2159,2062.3636,3.0592,98.9775,99.3202
202405,충북,"사업시설 관리, 사업 지원 및 임대 서비스업",-0.0,2840.6991,2.4911,1591975.2159,2062.3636,3.0592,98.9775,99.3202
202405,충남,제조업,0.3159,17893.6609,11.2723,2134597.0,2062.3636,3.0592,98.9775,99.3202
202405,충남,도매 및 소매업,0.0801,18230.4312,6.2809,2134597.0,2062.3636,3.0592,98.9775,99.3202
202405,충남,정보통신업,0.55,1057.7201,52.3113,2134597.0,2062.3636,3.0592,98.9775,99.3202
202405,충남,"전문, 과학 및 기술 서비스업",0.3159,17893.6609,11.2723,2134597.0,2062.3636,3.0592,98.9775,99.3202
202405,충남,"사업시설 관리, 사업 지원 및 임대 서비스업",-0.0004,3480.8571,3.4877,2134597.0,2062.3636,3.0592,98.9775,99.3202
202405,전북,제조업,0.1912,10195.7212,6.2757,1748663.0,2062.3636,3.0592,98.9775,99.3202
202405,전북,도매 및 소매업,-0.0374,15645.589,8.8164,1748663.0,2062.3636,3.0592,98.9775,99.3202
202405,전북,정보통신업,0.7501,938.7214,42.2579,1748663.0,2062.3636,3.0592,98.9775,99.3202
202405,전북,"전문, 과학 및 기술 서비스업",0.1912,10195.7212,6.2757,1748663.0,2062.3636,3.0592,98.9775,99.3202
202405,전북,"사업시설 관리, 사업 지원 및 임대 서비스업",0.0,2272.0759,4.4216,1748663.0,2062.3636,3.0592,98.9775,99.3202
202405,전남,제조업,0.1148,10783.628,4.8959,1801893.1533,2062.3636,3.0592,98.9775,99.3202
202405,전남,도매 및 소매업,0.05,13647.2238,3.9065,1801893.1533,2062.3636,3.0592,98.9775,99.3202
202405,전남,정보통신업,0.625,779.8069,37.0641,1801893.1533,2062.3636,3.0592,98.9775,99.3202
202405,전남,"전문, 과학 및 기술 서비스업",0.1148,10783.628,4.8959,1801893.1533,2062.3636,3.0592,98.9775,99.3202
202405,전남,"사업시설 관리, 사업 지원 및 임대 서비스업",0.0,2271.9313,2.8209,1801893.1533,2062.3636,3.0592,98.9775,99.3202
202405,경북,제조업,0.112,24630.3988,13.9053,2573972.0,2062.3636,3.0592,98.9775,99.3202
202405,경북,도매 및 소매업,0.0015,20609.9422,8.9212,2573972.0,2062.3636,3.0592,98.9775,99.3202
202405,경북,정보통신업,0.0819,1039.0863,41.602,2573972.0,2062.3636,3.0592,98.9775,99.3202
202405,경북,"전문, 과학 및 기술 서비스업",0.112,24630.3988,13.9053,2573972.0,2062.3636,3.0592,98.9775,99.3202
202405,경북,"사업시설 관리, 사업 지원 및 임대 서비스업",-0.0,3408.366,2.1263,2573972.0,2062.3636,3.0592,98.9775,99.3202
202405,경남,제조업,0.2715,33514.2024,33.5024,3296791.7369,2062.3636,3.0592,98.9775,99.3202
202405,경남,도매 및 소매업,0.2979,26388.8774,13.1511,3296791.7369,2062.3636,3.0592,98.9775,99.3202
202405,경남,정보통신업,0.7417,1180.8084,69.7459,3296791.7369,2062.3636,3.0592,98.9775,99.3202
202405,경남,"전문, 과학 및 기술 서비스업",0.2715,33514.2024,33.5024,3296791.7369,2062.3636,3.0592,98.9775,99.3202
202405,경남,"사업시설 관리, 사업 지원 및 임대 서비스업",0.0404,3518.6172,7.2554,3296791.7369,2062.3636,3.0592,98.9775,99.3202
202405,제주,제조업,0.0,2288.4606,1.8524,674521.0,2062.3636,3.0592,98.9775,99.3202
202405,제주,도매 및 소매업,0.0,8265.1232,2.9356,674521.0,2062.3636,3.0592,98.9775,99.3202
202405,제주,정보통신업,0.0194,600.897,16.7229,674521.0,2062.3636,3.0592,98.9775,99.3202
202405,제주,"전문, 과학 및 기술 서비스업",0.0,2288.4606,1.8524,674521.0,2062.3636,3.0592,98.9775,99.3202
202405,제주,"사업시설 관리, 사업 지원 및 임대 서비스업",0.0,1561.1429,3.079,674521.0,2062.3636,3.0592,98.9775,99.3202
202406,서울,제조업,0.8663,31381.4651,75.5313,9325352.1741,2061.983,3.048,98.9224,99.4369
202406,서울,도매 및 소매업,0.8448,134874.9472,182.9806,9325352.1741,2061.983,3.048,98.9224,99.4369
202406,서울,정보통신업,19.4674,38434.4682,1734.0766,9325352.1741,2061.983,3.048,98.9224,99.4369
202406,서울,"전문, 과학 및 기술 서비스업",0.8663,31381.4651,75.5313,9325352.1741,2061.983,3.048,98.9224,99.4369
202406,서울,"사업시설 관리, 사업 지원 및 임대 서비스업",0.3226,18071.9185,79.2637,9325352.1741,2061.983,3.048,98.9224,99.4369
202406,부산,제조업,0.5248,23035.0599,16.3093,3273460.0,2061.983,3.048,98.9224,99.4369
202406,부산,도매 및 소매업,0.1314,35758.3308,36.227,3273460.0,2061.983,3.048,98.9224,99.4369
202406,부산,정보통신업,2.1073,2516.4984,197.3596,3273460.0,2061.983,3.048,98.9224,99.4369
202406,부산,"전문, 과학 및 기술 서비스업",0.5248,23035.0599,16.3093,3273460.0,2061.983,3.048,98.9224,99.4369
202406,부산,"사업시설 관리, 사업 지원 및 임대 서비스업",0.0592,4272.4745,6.0,3273460.0,2061.983,3.048,98.9224,99.4369
202406,대구,제조업,0.4833,17858.6298,21.0,2328987.0,2061.983,3.048,98.9224,99.4369
202406,대구,도매 및 소매업,0.2,24168.3983,7.5523,2328987.0,2061.983,3.048,98.9224,99.4369
202406,대구,정보통신업,1.2832,1690.8668,76.3323,2328987.0,2061.983,3.048,98.9224,99.4369
202406,대구,"전문, 과학 및 기술 서비스업",0.4833,17858.6298,21.0,2328987.0,2061.983,3.048,98.9224,99.4369
202406,대구,"사업시설 관리, 사업 지원 및 임대 서비스업",0.0,2968.6605,5.3908,2328987.0,2061.983,3.048,98.9224,99.4369
202406,인천,제조업,0.35,22412.6091,33.2922,2975040.577,2061.983,3.048,98.9224,99.4369
202406,인천,도매 및 소매업,0.2325,27748.263,27.2683,2975040.577,2061.983,3.048,98.9224,99.4369
202406,인천,정보통신업,1.9417,2159.7996,165.5385,2975040.577,2061.983,3.048,98.9224,99.4369
202406,인천,"전문, 과학 및 기술 서비스업",0.35,22412.6091,33.2922,2975040.577,2061.983,3.048,98.9224,99.4369
202406,인천,"사업시설 관리, 사업 지원 및 임대 서비스업",-0.0433,3562.6489,15.0,2975040.577,2061.983,3.048,98.9224,99.4369
202406,광주,제조업,0.4083,7908.349,8.7028,1424787.0312,2061.983,3.048,98.9224,99.4369
202406,광주,도매 및 소매업,0.2244,14233.0,8.3235,1424787.0312,2061.983,3.048,98.9224,99.4369
202406,광주,정보통신업,2.3526,1153.2999,83.5484,1424787.0312,2061.983,3.048,98.9224,99.4369
202406,광주,"전문, 과학 및 기술 서비스업",0.4083,7908.349,8.7028,1424787.0312,2061.983,3.048,98.9224,99.4369
202406,광주,"사업시설 관리, 사업 지원 및 임대 서비스업",0.0,1947.0,10.7038,1424787.0312,2061.983,3.048,98.9224,99.4369
202406,대전,제조업,0.2594,6818.2531,21.4569,1433886.0,2061.983,3.048,98.9224,99.4369
202406,대전,도매 및 소매업,0.1083,14887.0,18.4281,1433886.0,2061.983,3.048,98.9224,99.4369
202406,대전,정보통신업,1.5261,2039.4083,195.8519,1433886.0,2061.983,3.048,98.9224,99.4369
202406,대전,"전문, 과학 및 기술 서비스업",0.2594,6818.2531,21.4569,1433886.0,2061.983,3.048,98.9224,99.4369
202406,대전,"사업시설 관리, 사업 지원 및 임대 서비스업",-0.0,2467.1388,6.4141,1433886.0,2061.983,3.048,98.9224,99.4369
202406,울산,제조업,0.5404,7257.2495,8.2039,1106150.095,2061.983,3.048,98.9224,99.4369
202406,울산,도매 및 소매업,0.3565,8954.7236,4.536,1106150.095,2061.983,3.048,98.9224,99.4369
202406,울산,정보통신업,0.4819,506.3345,45.6172,1106150.095,2061.983,3.048,98.9224,99.4369
202406,울산,"전문, 과학 및 기술 서비스업",0.5404,7257.2495,8.2039,1106150.095,2061.983,3.048,98.9224,99.4369
202406,울산,"사업시설 관리, 사업 지원 및 임대 서비스업",0.0026,1371.8568,2.3505,1106150.095,2061.983,3.048,98.9224,99.4369
202406,세종,제조업,0.1536,1287.395,1.8314,431319.6882,2061.983,3.048,98.9224,99.4369
202406,세종,도매 및 소매업,0.0,2251.6639,1.3066,431319.6882,2061.983,3.048,98.9224,99.4369
202406,세종,정보통신업,0.139,392.5895,31.2331,431319.6882,2061.983,3.048,98.9224,99.4369
202406,세종,"전문, 과학 및 기술 서비스업",0.1536,1287.395,1.8314,431319.6882,2061.983,3.048,98.9224,99.4369
202406,세종,"사업시설 관리, 사업 지원 및 임대 서비스업",0.0,530.6557,3.5444,431319.6882,2061.983,3.048,98.9224,99.4369
202406,경기,제조업,2.4987,136059.696,187.6639,13847080.111,2061.983,3.048,98.9224,99.4369
202406,경기,도매 및 소매업,1.1494,153314.0184,142.7174,13847080.111,2061.983,3.048,98.9224,99.4369
202406,경기,정보통신업,16.0237,15164.8029,1268.5878,13847080.111,2061.983,3.048,98.9224,99.4369
202406,경기,"전문, 과학 및 기술 서비스업",2.4987,136059.696,187.6639,13847080.111,2061.983,3.048,98.9224,99.4369
202406,경기,"사업시설 관리, 사업 지원 및 임대 서비스업",0.0,21209.2521,101.249,13847080.111,2061.983,3.048,98.9224,99.4369
202406,강원,제조업,-0.0293,6180.8122,0.0,1534795.9717,2061.983,3.048,98.9224,99.4369
202406,강원,도매 및 소매업,0.0,13734.7854,0.0,1534795.9717,2061.983,3.048,98.9224,99.4369
202406,강원,정보통신업,0.1699,851.9027,0.0,1534795.9717,2061.983,3.048,98.9224,99.4369
202406,강원,"전문, 과학 및 기술 서비스업",-0.0293,6180.8122,0.0,1534795.9717,2061.983,3.048,98.9224,99.4369
202406,강원,"사업시설 관리, 사업 지원 및 임대 서비스업",0.0,2670.5762,0.0,1534795.9717,2061.983,3.048,98.9224,99.4369
202406,충북,제조업,0.0185,14189.8971,5.9682,1591829.727,2061.983,3.048,98.9224,99.4369
202406,충북,도매 및 소매업,0.0097,14021.808,5.6389,1591829.727,2061.983,3.048,98.9224,99.4369
202406,충북,정보통신업,0.5417,703.5733,18.0106,1591829.727,2061.983,3.048,98.9224,99.4369
202406,충북,"전문, 과학 및 기술 서비스업",0.0185,14189.8971,5.9682,1591829.727,2061.983,3.048,98.9224,99.4369
202406,충북,"사업시설 관리, 사업 지원 및 임대 서비스업",-0.0,2906.2861,2.4913,1591829.727,2061.983,3.048,98.9224,99.4369
202406,충남,제조업,0.3159,17937.4909,11.2972,2135277.0,2061.983,3.048,98.9224,99.4369
202406,충남,도매 및 소매업,0.0801,18294.3765,6.2745,2135277.0,2061.983,3.048,98.9224,99.4369
202406,충남,정보통신업,0.55,1065.2331,49.6936,2135277.0,2061.983,3.048,98.9224,99.4369
202406,충남,"전문, 과학 및 기술 서비스업",0.3159,17937.4909,11.2972,2135277.0,2061.983,3.048,98.9224,99.4369
202406,충남,"사업시설 관리, 사업 지원 및 임대 서비스업",-0.0004,3496.084,3.4941,2135277.0,2061.983,3.048,98.9224,99.4369
202406,전북,제조업,0.1912,10224.2312,6.279,1747431.0,2061.983,3.048,98.9224,99.4369
202406,전북,도매 및 소매업,-0.0323,15708.157,8.8012,1747431.0,2061.983,3.048,98.9224,99.4369
202406,전북,정보통신업,0.7501,942.6462,39.1646,1747431.0,2061.983,3.048,98.9224,99.4369
202406,전북,"전문, 과학 및 기술 서비스업",0.1912,10224.2312,6.279,1747431.0,2061.983,3.048,98.9224,99.4369
202406,전북,"사업시설 관리, 사업 지원 및 임대 서비스업",0.0,2278.3072,4.4393,1747431.0,2061.983,3.048,98.9224,99.4369
202406,전남,제조업,0.1148,10816.6161,4.0244,1800930.6011,2061.983,3.048,98.9224,99.4369
202406,전남,도매 및 소매업,0.05,13692.7976,3.9356,1800930.6011,2061.983,3.048,98.9224,99.4369
202406,전남,정보통신업,0.625,783.9257,39.5717,1800930.6011,2061.983,3.048,98.9224,99.4369
202406,전남,"전문, 과학 및 기술 서비스업",0.1148,10816.6161,4.0244,1800930.6011,2061.983,3.048,98.9224,99.4369
202406,전남,"사업시설 관리, 사업 지원 및 임대 서비스업",0.0,2291.6373,2.8242,1800930.6011,2061.983,3.048,98.9224,99.4369
202406,경북,제조업,0.4226,24692.7115,13.9031,2572412.0,2061.983,3.048,98.9224,99.4369
202406,경북,도매 및 소매업,0.0015,20685.6345,8.0375,2572412.0,2061.983,3.048,98.9224,99.4369
202406,경북,정보통신업,0.0755,1043.0313,41.7269,2572412.0,2061.983,3.048,98.9224,99.4369
202406,경북,"전문, 과학 및 기술 서비스업",0.4226,24692.7115,13.9031,2572412.0,2061.983,3.048,98.9224,99.4369
202406,경북,"사업시설 관리, 사업 지원 및 임대 서비스업",-0.0,3458.4563,2.0,2572412.0,2061.983,3.048,98.9224,99.4369
202406,경남,제조업,0.2744,33573.2795,29.6815,3294390.7369,2061.983,3.048,98.9224,99.4369
202406,경남,도매 및 소매업,0.3001,26507.9476,13.1196,3294390.7369,2061.983,3.048,98.9224,99.4369
202406,경남,정보통신업,0.7417,1186.0325,69.7459,3294390.7369,2061.983,3.048,98.9224,99.4369
202406,경남,"전문, 과학 및 기술 서비스업",0.2744,33573.2795,29.6815,3294390.7369,2061.983,3.048,98.9224,99.4369
202406,경남,"사업시설 관리, 사업 지원 및 임대 서비스업",0.0404,3533.7219,7.2839,3294390.7369,2061.983,3.048,98.9224,99.4369
202406,제주,제조업,0.0,2304.9231,2.0,674307.0,2061.983,3.048,98.9224,99.4369
202406,제주,도매 및 소매업,0.0,8339.482,2.9217,674307.0,2061.983,3.048,98.9224,99.4369
202406,제주,정보통신업,0.0389,605.2531,16.5955,674307.0,2061.983,3.048,98.9224,99.4369
202406,제주,"전문, 과학 및 기술 서비스업",0.0,2304.9231,2.0,674307.0,2061.983,3.048,98.9224,99.4369
202406,제주,"사업시설 관리, 사업 지원 및 임대 서비스업",0.0,1567.7983,3.0104,674307.0,2061.983,3.048,98.9224,99.4369
202407,서울,제조업,0.8663,31356.4717,75.3029,9318912.9394,2061.6469,3.0369,98.8998,99.538
202407,서울,도매 및 소매업,1.9611,135016.6261,183.2985,9318912.9394,2061.6469,3.0369,98.8998,99.538
202407,서울,정보통신업,20.5037,38327.2754,1742.3942,9318912.9394,2061.6469,3.0369,98.8998,99.538
202407,서울,"전문, 과학 및 기술 서비스업",0.8663,31356.4717,75.3029,9318912.9394,2061.6469,3.0369,98.8998,99.538
202407,서울,"사업시설 관리, 사업 지원 및 임대 서비스업",0.3221,18049.6529,79.2528,9318912.9394,2061.6469,3.0369,98.8998,99.538
202407,부산,제조업,0.5248,22923.2171,16.3093,3270996.0,2061.6469,3.0369,98.8998,99.538
202407,부산,도매 및 소매업,0.1298,35843.6679,39.0424,3270996.0,2061.6469,3.0369,98.8998,99.538
202407,부산,정보통신업,2.1073,2530.4907,199.0539,3270996.0,2061.6469,3.0369,98.8998,99.538
202407,부산,"전문, 과학 및 기술 서비스업",0.5248,22923.2171,16.3093,3270996.0,2061.6469,3.0369,98.8998,99.538
202407,부산,"사업시설 관리, 사업 지원 및 임대 서비스업",0.0592,4276.3348,6.0,3270996.0,2061.6469,3.0369,98.8998,99.538
202407,대구,제조업,0.4833,17851.2796,21.0,2327059.0,2061.6469,3.0369,98.8998,99.538
202407,대구,도매 및 소매업,0.2,24246.7314,7.9528,2327059.0,2061.6469,3.0369,98.8998,99.538
202407,대구,정보통신업,1.2832,1696.3484,76.0228,2327059.0,2061.6469,3.0369,98.8998,99.538
202407,대구,"전문, 과학 및 기술 서비스업",0.4833,17851.2796,21.0,2327059.0,2061.6469,3.0369,98.8998,99.538
202407,대구,"사업시설 관리, 사업 지원 및 임대 서비스업",0.0,2970.3563,5.6257,2327059.0,2061.6469,3.0369,98.8998,99.538
202407,인천,제조업,0.35,22490.3386,33.2928,2953932.0937,2061.6469,3.0369,98.8998,99.538
202407,인천,도매 및 소매업,0.2325,27818.1867,27.2781,2953932.0937,2061.6469,3.0369,98.8998,99.538
202407,인천,정보통신업,1.9417,2174.9753,165.0164,2953932.0937,2061.6469,3.0369,98.8998,99.538
202407,인천,"전문, 과학 및 기술 서비스업",0.35,22490.3386,33.2928,2953932.0937,2061.6469,3.0369,98.8998,99.538
202407,인천,"사업시설 관리, 사업 지원 및 임대 서비스업",0.0242,3561.8034,15.0,2953932.0937,2061.6469,3.0369,98.8998,99.538
202407,광주,제조업,0.4083,7955.661,8.8805,1424959.6721,2061.6469,3.0369,98.8998,99.538
202407,광주,도매 및 소매업,0.225,14233.0,8.2984,1424959.6721,2061.6469,3.0369,98.8998,99.538
202407,광주,정보통신업,2.4624,1157.1148,75.8213,1424959.6721,2061.6469,3.0369,98.8998,99.538
202407,광주,"전문, 과학 및 기술 서비스업",0.4083,7955.661,8.8805,1424959.6721,2061.6469,3.0369,98.8998,99.538
202407,광주,"사업시설 관리, 사업 지원 및 임대 서비스업",0.0,1947.0,7.9372,1424959.6721,2061.6469,3.0369,98.8998,99.538
202407,대전,제조업,0.2594,6842.8976,21.5369,1433209.0,2061.6469,3.0369,98.8998,99.538
202407,대전,도매 및 소매업,0.1083,14887.0,18.439,1433209.0,2061.6469,3.0369,98.8998,99.538
202407,대전,정보통신업,1.5044,2045.2085,180.6588,1433209.0,2061.6469,3.0369,98.8998,99.538
202407,대전,"전문, 과학 및 기술 서비스업",0.2594,6842.8976,21.5369,1433209.0,2061.6469,3.0369,98.8998,99.538
202407,대전,"사업시설 관리, 사업 지원 및 임대 서비스업",-0.0,2477.5805,6.3123,1433209.0,2061.6469,3.0369,98.8998,99.538
202407,울산,제조업,0.4694,7237.9561,7.9767,1105294.095,2061.6469,3.0369,98.8998,99.538
202407,울산,도매 및 소매업,0.5515,9017.4348,4.5176,1105294.095,2061.6469,3.0369,98.8998,99.538
202407,울산,정보통신업,0.4819,506.1344,43.3128,1105294.095,2061.6469,3.0369,98.8998,99.538
202407,울산,"전문, 과학 및 기술 서비스업",0.4694,7237.9561,7.9767,1105294.095,2061.6469,3.0369,98.8998,99.538
202407,울산,"사업시설 관리, 사업 지원 및 임대 서비스업",0.0026,1374.1822,3.1281,1105294.095,2061.6469,3.0369,98.8998,99.538
202407,세종,제조업,0.0321,1291.3613,1.8323,433394.9961,2061.6469,3.0369,98.8998,99.538
202407,세종,도매 및 소매업,0.0,2264.7563,1.2991,433394.9961,2061.6469,3.0369,98.8998,99.538
202407,세종,정보통신업,0.1477,396.26,33.0341,433394.9961,2061.6469,3.0369,98.8998,99.538
202407,세종,"전문, 과학 및 기술 서비스업",0.0321,1291.3613,1.8323,433394.9961,2061.6469,3.0369,98.8998,99.538
202407,세종,"사업시설 관리, 사업 지원 및 임대 서비스업",0.0,539.3935,3.5608,433394.9961,2061.6469,3.0369,98.8998,99.538
202407,경기,제조업,2.4987,136362.8703,192.8519,13860926.8733,2061.6469,3.0369,98.8998,99.538
202407,경기,도매 및 소매업,1.1494,153277.2103,143.2401,13860926.8733,2061.6469,3.0369,98.8998,99.538
202407,경기,정보통신업,16.0237,15174.1056,1268.5871,13860926.8733,2061.6469,3.0369,98.8998,99.538
202407,경기,"전문, 과학 및 기술 서비스업",2.4987,136362.8703,192.8519,13860926.8733,2061.6469,3.0369,98.8998,99.538
202407,경기,"사업시설 관리, 사업 지원 및 임대 서비스업",0.0,21311.9328,98.321,13860926.8733,2061.6469,3.0369,98.8998,99.538
202407,강원,제조업,0.4463,6201.2275,0.0,1534744.5792,2061.6469,3.0369,98.8998,99.538
202407,강원,도매 및 소매업,0.0,13839.9005,0.0,1534744.5792,2061.6469,3.0369,98.8998,99.538
202407,강원,정보통신업,0.1701,856.043,0.0,1534744.5792,2061.6469,3.0369,98.8998,99.538
202407,강원,"전문, 과학 및 기술 서비스업",0.4463,6201.2275,0.0,1534744.5792,2061.6469,3.0369,98.8998,99.538
202407,강원,"사업시설 관리, 사업 지원 및 임대 서비스업",0.0,2701.3448,0.0,1534744.5792,2061.6469,3.0369,98.8998,99.538
202407,충북,제조업,0.0185,14236.5099,5.9678,1591687.6493,2061.6469,3.0369,98.8998,99.538
202407,충북,도매 및 소매업,0.0112,14067.4794,5.6861,1591687.6493,2061.6469,3.0369,98.8998,99.538
202407,충북,정보통신업,0.5417,706.9252,18.0983,1591687.6493,2061.6469,3.0369,98.8998,99.538
202407,충북,"전문, 과학 및 기술 서비스업",0.0185,14236.5099,5.9678,1591687.6493,2061.6469,3.0369,98.8998,99.538
202407,충북,"사업시설 관리, 사업 지원 및 임대 서비스업",-0.0,2939.7463,2.4915,1591687.6493,2061.6469,3.0369,98.8998,99.538
202407,충남,제조업,0.3159,17981.3209,11.3184,2135957.0,2061.6469,3.0369,98.8998,99.538
202407,충남,도매 및 소매업,0.0801,18358.3219,6.2701,2135957.0,2061.6469,3.0369,98.8998,99.538
202407,충남,정보통신업,0.55,1072.746,60.9951,2135957.0,2061.6469,3.0369,98.8998,99.538
202407,충남,"전문, 과학 및 기술 서비스업",0.3159,17981.3209,11.3184,2135957.0,2061.6469,3.0369,98.8998,99.538
202407,충남,"사업시설 관리, 사업 지원 및 임대 서비스업",-0.0004,3511.3109,3.4996,2135957.0,2061.6469,3.0369,98.8998,99.538
202407,전북,제조업,0.1912,10252.7412,6.2819,1746199.0,2061.6469,3.0369,98.8998,99.538
202407,전북,도매 및 소매업,-0.0275,15707.8039,8.7881,1746199.0,2061.6469,3.0369,98.8998,99.538
202407,전북,정보통신업,0.7501,946.571,42.3843,1746199.0,2061.6469,3.0369,98.8998,99.538
202407,전북,"전문, 과학 및 기술 서비스업",0.1912,10252.7412,6.2819,1746199.0,2061.6469,3.0369,98.8998,99.538
202407,전북,"사업시설 관리, 사업 지원 및 임대 서비스업",0.0,2312.1905,4.4726,1746199.0,2061.6469,3.0369,98.8998,99.538
202407,전남,제조업,0.1148,10849.6042,4.6358,1799885.1878,2061.6469,3.0369,98.8998,99.538
202407,전남,도매 및 소매업,0.05,13738.3714,3.9647,1799885.1878,2061.6469,3.0369,98.8998,99.538
202407,전남,정보통신업,0.625,788.0446,41.4357,1799885.1878,2061.6469,3.0369,98.8998,99.538
202407,전남,"전문, 과학 및 기술 서비스업",0.1148,10849.6042,4.6358,1799885.1878,2061.6469,3.0369,98.8998,99.538
202407,전남,"사업시설 관리, 사업 지원 및 임대 서비스업",0.0,2318.4356,2.8268,1799885.1878,2061.6469,3.0369,98.8998,99.538
202407,경북,제조업,0.1094,24848.2968,13.9137,2570852.0,2061.6469,3.0369,98.8998,99.538
202407,경북,도매 및 소매업,0.0016,20761.3268,7.7363,2570852.0,2061.6469,3.0369,98.8998,99.538
202407,경북,정보통신업,0.0691,1046.9763,42.131,2570852.0,2061.6469,3.0369,98.8998,99.538
202407,경북,"전문, 과학 및 기술 서비스업",0.1094,24848.2968,13.9137,2570852.0,2061.6469,3.0369,98.8998,99.538
202407,경북,"사업시설 관리, 사업 지원 및 임대 서비스업",-0.0,3477.4297,2.1263,2570852.0,2061.6469,3.0369,98.8998,99.538
202407,경남,제조업,0.2773,33632.3565,31.3796,3292484.7369,2061.6469,3.0369,98.8998,99.538
202407,경남,도매 및 소매업,0.3023,26561.3987,13.0916,3292484.7369,2061.6469,3.0369,98.8998,99.538
202407,경남,정보통신업,0.7417,1191.2565,69.7459,3292484.7369,2061.6469,3.0369,98.8998,99.538
202407,경남,"전문, 과학 및 기술 서비스업",0.2773,33632.3565,31.3796,3292484.7369,2061.6469,3.0369,98.8998,99.538
202407,경남,"사업시설 관리, 사업 지원 및 임대 서비스업",0.0404,3548.8266,7.3072,3292484.7369,2061.6469,3.0369,98.8998,99.538
202407,제주,제조업,0.0,2320.3009,1.8524,674093.0,2061.6469,3.0369,98.8998,99.538
202407,제주,도매 및 소매업,0.0,8401.5797,2.9106,674093.0,2061.6469,3.0369,98.8998,99.538
202407,제주,정보통신업,0.0388,606.9557,16.4807,674093.0,2061.6469,3.0369,98.8998,99.538
202407,제주,"전문, 과학 및 기술 서비스업",0.0,2320.3009,1.8524,674093.0,2061.6469,3.0369,98.8998,99.538
202407,제주,"사업시설 관리, 사업 지원 및 임대 서비스업",0.0,1574.4538,2.9506,674093.0,2061.6469,3.0369,98.8998,99.538
202408,서울,제조업,0.8663,31331.4783,75.5333,9312473.7047,2061.35,3.0257,98.9889,99.6256
202408,서울,도매 및 소매업,1.278,135109.0829,183.091,9312473.7047,2061.35,3.0257,98.9889,99.6256
202408,서울,정보통신업,19.6985,38331.3108,1752.1503,9312473.7047,2061.35,3.0257,98.9889,99.6256
202408,서울,"전문, 과학 및 기술 서비스업",0.8663,31331.4783,75.5333,9312473.7047,2061.35,3.0257,98.9889,99.6256
202408,서울,"사업시설 관리, 사업 지원 및 임대 서비스업",0.3252,18027.561,79.2642,9312473.7047,2061.35,3.0257,98.9889,99.6256
202408,부산,제조업,0.5248,22849.8635,15.9784,3268532.0,2061.35,3.0257,98.9889,99.6256
202408,부산,도매 및 소매업,0.1281,35929.0049,32.7151,3268532.0,2061.35,3.0257,98.9889,99.6256
202408,부산,정보통신업,2.1073,2546.843,200.1872,3268532.0,2061.35,3.0257,98.9889,99.6256
202408,부산,"전문, 과학 및 기술 서비스업",0.5248,22849.8635,15.9784,3268532.0,2061.35,3.0257,98.9889,99.6256
202408,부산,"사업시설 관리, 사업 지원 및 임대 서비스업",0.0592,4280.1264,6.0,3268532.0,2061.35,3.0257,98.9889,99.6256
202408,대구,제조업,0.4833,17843.9582,21.0,2325131.0,2061.35,3.0257,98.9889,99.6256
202408,대구,도매 및 소매업,0.2,24322.262,7.5431,2325131.0,2061.35,3.0257,98.9889,99.6256
202408,대구,정보통신업,1.2832,1701.9694,75.7344,2325131.0,2061.35,3.0257,98.9889,99.6256
202408,대구,"전문, 과학 및 기술 서비스업",0.4833,17843.9582,21.0,2325131.0,2061.35,3.0257,98.9889,99.6256
202408,대구,"사업시설 관리, 사업 지원 및 임대 서비스업",0.0,2972.0521,5.3606,2325131.0,2061.35,3.0257,98.9889,99.6256
202408,인천,제조업,0.35,22604.8622,33.2932,2953928.6388,2061.35,3.0257,98.9889,99.6256
202408,인천,도매 및 소매업,0.2325,27852.1991,27.2857,2953928.6388,2061.35,3.0257,98.9889,99.6256
202408,인천,정보통신업,1.9417,2190.1507,164.5685,2953928.6388,2061.35,3.0257,98.9889,99.6256
202408,인천,"전문, 과학 및 기술 서비스업",0.35,22604.8622,33.2932,2953928.6388,2061.35,3.0257,98.9889,99.6256
202408,인천,"사업시설 관리, 사업 지원 및 임대 서비스업",-0.0068,3560.9587,15.0,2953928.6388,2061.35,3.0257,98.9889,99.6256
202408,광주,제조업,0.4083,7977.4048,8.9731,1424879.9473,2061.35,3.0257,98.9889,99.6256
202408,광주,도매 및 소매업,0.2257,14233.0,8.3235,1424879.9473,2061.35,3.0257,98.9889,99.6256
202408,광주,정보통신업,2.3893,1160.9298,71.9684,1424879.9473,2061.35,3.0257,98.9889,99.6256
202408,광주,"전문, 과학 및 기술 서비스업",0.4083,7977.4048,8.9731,1424879.9473,2061.35,3.0257,98.9889,99.6256
202408,광주,"사업시설 관리, 사업 지원 및 임대 서비스업",0.0,1947.0,10.8075,1424879.9473,2061.35,3.0257,98.9889,99.6256
202408,대전,제조업,0.2594,6862.0119,21.6168,1432532.0,2061.35,3.0257,98.9889,99.6256
202408,대전,도매 및 소매업,0.1083,14887.0,18.2801,1432532.0,2061.35,3.0257,98.9889,99.6256
202408,대전,정보통신업,1.5098,2054.9154,170.4895,1432532.0,2061.35,3.0257,98.9889,99.6256
202408,대전,"전문, 과학 및 기술 서비스업",0.2594,6862.0119,21.6168,1432532.0,2061.35,3.0257,98.9889,99.6256
202408,대전,"사업시설 관리, 사업 지원 및 임대 서비스업",-0.0,2488.0221,6.4309,1432532.0,2061.35,3.0257,98.9889,99.6256
202408,울산,제조업,0.7536,7296.6555,8.2688,1103999.095,2061.35,3.0257,98.9889,99.6256
202408,울산,도매 및 소매업,0.0744,9092.1602,4.5025,1103999.095,2061.35,3.0257,98.9889,99.6256
202408,울산,정보통신업,0.4819,505.9347,40.22,1103999.095,2061.35,3.0257,98.9889,99.6256
202408,울산,"전문, 과학 및 기술 서비스업",0.7536,7296.6555,8.2688,1103999.095,2061.35,3.0257,98.9889,99.6256
202408,울산,"사업시설 관리, 사업 지원 및 임대 서비스업",0.0027,1376.5075,3.1884,1103999.095,2061.35,3.0257,98.9889,99.6256
202408,세종,제조업,0.0321,1295.3277,1.8331,435775.3503,2061.35,3.0257,98.9889,99.6256
202408,세종,도매 및 소매업,0.0,2277.8487,1.293,435775.3503,2061.35,3.0257,98.9889,99.6256
202408,세종,정보통신업,0.1564,399.9304,31.9954,435775.3503,2061.35,3.0257,98.9889,99.6256
202408,세종,"전문, 과학 및 기술 서비스업",0.0321,1295.3277,1.8331,435775.3503,2061.35,3.0257,98.9889,99.6256
202408,세종,"사업시설 관리, 사업 지원 및 임대 서비스업",0.0,543.5989,3.5772,435775.3503,2061.35,3.0257,98.9889,99.6256
202408,경기,제조업,2.4987,136666.0446,187.1074,13874773.6357,2061.35,3.0257,98.9889,99.6256
202408,경기,도매 및 소매업,1.1494,153869.198,143.7368,13874773.6357,2061.35,3.0257,98.9889,99.6256
202408,경기,정보통신업,16.0237,15238.7787,1268.5873,13874773.6357,2061.35,3.0257,98.9889,99.6256
202408,경기,"전문, 과학 및 기술 서비스업",2.4987,136666.0446,187.1074,13874773.6357,2061.35,3.0257,98.9889,99.6256
202408,경기,"사업시설 관리, 사업 지원 및 임대 서비스업",0.0,21414.6134,95.1056,13874773.6357,2061.35,3.0257,98.9889,99.6256
202408,강원,제조업,0.0258,6221.6427,0.0,1534721.0944,2061.35,3.0257,98.9889,99.6256
202408,강원,도매 및 소매업,0.0,13923.1865,0.0,1534721.0944,2061.35,3.0257,98.9889,99.6256
202408,강원,정보통신업,0.1704,860.1832,0.0,1534721.0944,2061.35,3.0257,98.9889,99.6256
202408,강원,"전문, 과학 및 기술 서비스업",0.0258,6221.6427,0.0,1534721.0944,2061.35,3.0257,98.9889,99.6256
202408,강원,"사업시설 관리, 사업 지원 및 임대 서비스업",0.0,2700.5899,0.0,1534721.0944,2061.35,3.0257,98.9889,99.6256
202408,충북,제조업,1.0185,14288.7222,5.9676,1591548.9027,2061.35,3.0257,98.9889,99.6256
202408,충북,도매 및 소매업,0.549,14113.1508,5.6389,1591548.9027,2061.35,3.0257,98.9889,99.6256
202408,충북,정보통신업,0.5417,710.2772,15.8507,1591548.9027,2061.35,3.0257,98.9889,99.6256
202408,충북,"전문, 과학 및 기술 서비스업",1.0185,14288.7222,5.9676,1591548.9027,2061.35,3.0257,98.9889,99.6256
202408,충북,"사업시설 관리, 사업 지원 및 임대 서비스업",-0.0,2971.107,2.4915,1591548.9027,2061.35,3.0257,98.9889,99.6256
202408,충남,제조업,0.3159,18025.1508,11.3366,2136637.0,2061.35,3.0257,98.9889,99.6256
202408,충남,도매 및 소매업,0.0801,18422.2673,6.267,2136637.0,2061.35,3.0257,98.9889,99.6256
202408,충남,정보통신업,0.55,1080.259,60.2328,2136637.0,2061.35,3.0257,98.9889,99.6256
202408,충남,"전문, 과학 및 기술 서비스업",0.3159,18025.1508,11.3366,2136637.0,2061.35,3.0257,98.9889,99.6256
202408,충남,"사업시설 관리, 사업 지원 및 임대 서비스업",-0.0004,3526.5378,3.5044,2136637.0,2061.35,3.0257,98.9889,99.6256
202408,전북,제조업,0.1912,10281.2512,6.2844,1744967.0,2061.35,3.0257,98.9889,99.6256
202408,전북,도매 및 소매업,-0.0231,15658.5837,8.7767,1744967.0,2061.35,3.0257,98.9889,99.6256
202408,전북,정보통신업,0.7501,950.4958,38.6207,1744967.0,2061.35,3.0257,98.9889,99.6256
202408,전북,"전문, 과학 및 기술 서비스업",0.1912,10281.2512,6.2844,1744967.0,2061.35,3.0257,98.9889,99.6256
202408,전북,"사업시설 관리, 사업 지원 및 임대 서비스업",0.0,2319.6618,4.4904,1744967.0,2061.35,3.0257,98.9889,99.6256
202408,전남,제조업,0.1148,10882.5923,4.8169,1798693.7421,2061.35,3.0257,98.9889,99.6256
202408,전남,도매 및 소매업,0.05,13783.9453,3.9938,1798693.7421,2061.35,3.0257,98.9889,99.6256
202408,전남,정보통신업,0.625,792.1634,40.2017,1798693.7421,2061.35,3.0257,98.9889,99.6256
202408,전남,"전문, 과학 및 기술 서비스업",0.1148,10882.5923,4.8169,1798693.7421,2061.35,3.0257,98.9889,99.6256
202408,전남,"사업시설 관리, 사업 지원 및 임대 서비스업",0.0,2344.3195,2.8288,1798693.7421,2061.35,3.0257,98.9889,99.6256
202408,경북,제조업,0.42,24984.1985,13.9123,2569292.0,2061.35,3.0257,98.9889,99.6256
202408,경북,도매 및 소매업,0.0017,20837.019,9.1803,2569292.0,2061.35,3.0257,98.9889,99.6256
202408,경북,정보통신업,0.0627,1050.9214,42.2262,2569292.0,2061.35,3.0257,98.9889,99.6256
202408,경북,"전문, 과학 및 기술 서비스업",0.42,24984.1985,13.9123,2569292.0,2061.35,3.0257,98.9889,99.6256
202408,경북,"사업시설 관리, 사업 지원 및 임대 서비스업",-0.0,3520.2989,2.0,2569292.0,2061.35,3.0257,98.9889,99.6256
202408,경남,제조업,0.2801,33691.4335,33.4778,3289766.7369,2061.35,3.0257,98.9889,99.6256
202408,경남,도매 및 소매업,0.3045,26680.4688,13.0668,3289766.7369,2061.35,3.0257,98.9889,99.6256
202408,경남,정보통신업,0.7417,1196.4805,69.7459,3289766.7369,2061.35,3.0257,98.9889,99.6256
202408,경남,"전문, 과학 및 기술 서비스업",0.2801,33691.4335,33.4778,3289766.7369,2061.35,3.0257,98.9889,99.6256
202408,경남,"사업시설 관리, 사업 지원 및 임대 서비스업",0.0404,3563.9312,7.3265,3289766.7369,2061.35,3.0257,98.9889,99.6256
202408,제주,제조업,0.0,2332.5989,2.0,673879.0,2061.35,3.0257,98.9889,99.6256
202408,제주,도매 및 소매업,0.0,8551.0394,2.9018,673879.0,2061.35,3.0257,98.9889,99.6256
202408,제주,정보통신업,0.0388,611.3157,16.3772,673879.0,2061.35,3.0257,98.9889,99.6256
202408,제주,"전문, 과학 및 기술 서비스업",0.0,2332.5989,2.0,673879.0,2061.35,3.0257,98.9889,99.6256
202408,제주,"사업시설 관리, 사업 지원 및 임대 서비스업",0.0,1581.1092,2.8985,673879.0,2061.35,3.0257,98.9889,99.6256
202409,서울,제조업,0.8663,31306.4849,75.3046,9306034.4701,2061.0878,3.0145,98.9985,99.7015
202409,서울,도매 및 소매업,0.9444,135250.367,183.4089,9306034.4701,2061.0878,3.0145,98.9985,99.7015
202409,서울,정보통신업,20.7348,38282.7729,1682.1562,9306034.4701,2061.0878,3.0145,98.9985,99.7015
202409,서울,"전문, 과학 및 기술 서비스업",0.8663,31306.4849,75.3046,9306034.4701,2061.0878,3.0145,98.9985,99.7015
202409,서울,"사업시설 관리, 사업 지원 및 임대 서비스업",0.3237,18005.6413,79.2596,9306034.4701,2061.0878,3.0145,98.9985,99.7015
202409,부산,제조업,0.5248,22867.2707,15.5813,3266068.0,2061.0878,3.0145,98.9985,99.7015
202409,부산,도매 및 소매업,0.1265,36014.342,28.27,3266068.0,2061.0878,3.0145,98.9985,99.7015
202409,부산,정보통신업,2.1073,2558.2034,200.8365,3266068.0,2061.0878,3.0145,98.9985,99.7015
202409,부산,"전문, 과학 및 기술 서비스업",0.5248,22867.2707,15.5813,3266068.0,2061.0878,3.0145,98.9985,99.7015
202409,부산,"사업시설 관리, 사업 지원 및 임대 서비스업",0.0592,4283.8504,6.0,3266068.0,2061.0878,3.0145,98.9985,99.7015
202409,대구,제조업,0.4833,17836.6655,21.0,2323203.0,2061.0878,3.0145,98.9985,99.7015
202409,대구,도매 및 소매업,0.2,24400.5951,7.946,2323203.0,2061.0878,3.0145,98.9985,99.7015
202409,대구,정보통신업,1.2832,1707.4503,75.4658,2323203.0,2061.0878,3.0145,98.9985,99.7015
202409,대구,"전문, 과학 및 기술 서비스업",0.4833,17836.6655,21.0,2323203.0,2061.0878,3.0145,98.9985,99.7015
202409,대구,"사업시설 관리, 사업 지원 및 임대 서비스업",0.0,2973.748,5.5955,2323203.0,2061.0878,3.0145,98.9985,99.7015
202409,인천,제조업,0.35,22549.1232,33.2935,2957250.2339,2061.0878,3.0145,98.9985,99.7015
202409,인천,도매 및 소매업,0.2325,27711.3183,27.2916,2957250.2339,2061.0878,3.0145,98.9985,99.7015
202409,인천,정보통신업,1.9417,2205.3263,164.1843,2957250.2339,2061.0878,3.0145,98.9985,99.7015
202409,인천,"전문, 과학 및 기술 서비스업",0.35,22549.1232,33.2935,2957250.2339,2061.0878,3.0145,98.9985,99.7015
202409,인천,"사업시설 관리, 사업 지원 및 임대 서비스업",-0.0078,3560.1147,15.0,2957250.2339,2061.0878,3.0145,98.9985,99.7015
202409,광주,제조업,0.4083,7995.1539,8.3865,1425046.4956,2061.0878,3.0145,98.9985,99.7015
202409,광주,도매 및 소매업,0.2264,14233.0,8.311,1425046.4956,2061.0878,3.0145,98.9985,99.7015
202409,광주,정보통신업,3.9219,1164.7447,65.8458,1425046.4956,2061.0878,3.0145,98.9985,99.7015
202409,광주,"전문, 과학 및 기술 서비스업",0.4083,7995.1539,8.3865,1425046.4956,2061.0878,3.0145,98.9985,99.7015
202409,광주,"사업시설 관리, 사업 지원 및 임대 서비스업",0.0,1947.0,8.0409,1425046.4956,2061.0878,3.0145,98.9985,99.7015
202409,대전,제조업,0.2594,6871.7038,21.6968,1431855.0,2061.0878,3.0145,98.9985,99.7015
202409,대전,도매 및 소매업,0.1083,14887.0,18.0017,1431855.0,2061.0878,3.0145,98.9985,99.7015
202409,대전,정보통신업,1.5049,2060.7156,155.341,1431855.0,2061.0878,3.0145,98.9985,99.7015
202409,대전,"전문, 과학 및 기술 서비스업",0.2594,6871.7038,21.6968,1431855.0,2061.0878,3.0145,98.9985,99.7015
202409,대전,"사업시설 관리, 사업 지원 및 임대 서비스업",-0.0,2498.4638,6.3292,1431855.0,2061.0878,3.0145,98.9985,99.7015
202409,울산,제조업,0.4472,7333.2533,8.0417,1102732.095,2061.0878,3.0145,98.9985,99.7015
202409,울산,도매 및 소매업,0.1383,9092.653,4.4901,1102732.095,2061.0878,3.0145,98.9985,99.7015
202409,울산,정보통신업,0.4819,505.7353,41.3045,1102732.095,2061.0878,3.0145,98.9985,99.7015
202409,울산,"전문, 과학 및 기술 서비스업",0.4472,7333.2533,8.0417,1102732.095,2061.0878,3.0145,98.9985,99.7015
202409,울산,"사업시설 관리, 사업 지원 및 임대 서비스업",0.0028,1378.8329,3.1924,1102732.095,2061.0878,3.0145,98.9985,99.7015
202409,세종,제조업,0.0321,1299.2941,1.8336,437892.6537,2061.0878,3.0145,98.9985,99.7015
202409,세종,도매 및 소매업,0.0,2290.9412,1.288,437892.6537,2061.0878,3.0145,98.9985,99.7015
202409,세종,정보통신업,0.1651,403.6009,31.9483,437892.6537,2061.0878,3.0145,98.9985,99.7015
202409,세종,"전문, 과학 및 기술 서비스업",0.0321,1299.2941,1.8336,437892.6537,2061.0878,3.0145,98.9985,99.7015
202409,세종,"사업시설 관리, 사업 지원 및 임대 서비스업",0.0,542.7947,3.5936,437892.6537,2061.0878,3.0145,98.9985,99.7015
202409,경기,제조업,2.4987,136969.2189,192.5377,13888620.398,2061.0878,3.0145,98.9985,99.7015
202409,경기,도매 및 소매업,1.1494,154304.2,143.1991,13888620.398,2061.0878,3.0145,98.9985,99.7015
202409,경기,정보통신업,16.0237,15261.3638,1268.5876,13888620.398,2061.0878,3.0145,98.9985,99.7015
202409,경기,"전문, 과학 및 기술 서비스업",2.4987,136969.2189,192.5377,13888620.398,2061.0878,3.0145,98.9985,99.7015
202409,경기,"사업시설 관리, 사업 지원 및 임대 서비스업",0.0,21517.2941,81.5536,13888620.398,2061.0878,3.0145,98.9985,99.7015
202409,강원,제조업,0.544,6242.058,0.0,1535048.6863,2061.0878,3.0145,98.9985,99.7015
202409,강원,도매 및 소매업,0.0,13928.4491,0.0,1535048.6863,2061.0878,3.0145,98.9985,99.7015
202409,강원,정보통신업,0.1707,864.3235,0.0,1535048.6863,2061.0878,3.0145,98.9985,99.7015
202409,강원,"전문, 과학 및 기술 서비스업",0.544,6242.058,0.0,1535048.6863,2061.0878,3.0145,98.9985,99.7015
202409,강원,"사업시설 관리, 사업 지원 및 임대 서비스업",0.0,2703.4115,0.0,1535048.6863,2061.0878,3.0145,98.9985,99.7015
202409,충북,제조업,0.0185,14345.0518,5.9674,1591413.4092,2061.0878,3.0145,98.9985,99.7015
202409,충북,도매 및 소매업,-0.0644,14158.8221,5.6861,1591413.4092,2061.0878,3.0145,98.9985,99.7015
202409,충북,정보통신업,0.5417,713.6291,16.1024,1591413.4092,2061.0878,3.0145,98.9985,99.7015
202409,충북,"전문, 과학 및 기술 서비스업",0.0185,14345.0518,5.9674,1591413.4092,2061.0878,3.0145,98.9985,99.7015
202409,충북,"사업시설 관리, 사업 지원 및 임대 서비스업",-0.0,2986.3898,2.4916,1591413.4092,2061.0878,3.0145,98.9985,99.7015
202409,충남,제조업,0.3159,18068.9808,11.3521,2137317.0,2061.0878,3.0145,98.9985,99.7015
202409,충남,도매 및 소매업,0.0801,18486.2079,6.2649,2137317.0,2061.0878,3.0145,98.9985,99.7015
202409,충남,정보통신업,0.55,1087.7719,63.4202,2137317.0,2061.0878,3.0145,98.9985,99.7015
202409,충남,"전문, 과학 및 기술 서비스업",0.3159,18068.9808,11.3521,2137317.0,2061.0878,3.0145,98.9985,99.7015
202409,충남,"사업시설 관리, 사업 지원 및 임대 서비스업",-0.0004,3541.7647,3.5086,2137317.0,2061.0878,3.0145,98.9985,99.7015
202409,전북,제조업,0.1912,10309.7612,6.2865,1743735.0,2061.0878,3.0145,98.9985,99.7015
202409,전북,도매 및 소매업,-0.019,15635.9061,8.7669,1743735.0,2061.0878,3.0145,98.9985,99.7015
202409,전북,정보통신업,0.7501,954.4206,37.0346,1743735.0,2061.0878,3.0145,98.9985,99.7015
202409,전북,"전문, 과학 및 기술 서비스업",0.1912,10309.7612,6.2865,1743735.0,2061.0878,3.0145,98.9985,99.7015
202409,전북,"사업시설 관리, 사업 지원 및 임대 서비스업",0.0,2317.8515,4.5237,1743735.0,2061.0878,3.0145,98.9985,99.7015
202409,전남,제조업,0.1148,10915.5804,4.6916,1797737.3195,2061.0878,3.0145,98.9985,99.7015
202409,전남,도매 및 소매업,0.05,13829.5191,4.0228,1797737.3195,2061.0878,3.0145,98.9985,99.7015
202409,전남,정보통신업,0.625,796.2823,40.4442,1797737.3195,2061.0878,3.0145,98.9985,99.7015
202409,전남,"전문, 과학 및 기술 서비스업",0.1148,10915.5804,4.6916,1797737.3195,2061.0878,3.0145,98.9985,99.7015
202409,전남,"사업시설 관리, 사업 지원 및 임대 서비스업",0.0,2327.283,2.8304,1797737.3195,2061.0878,3.0145,98.9985,99.7015
202409,경북,제조업,0.1067,25074.1679,13.9188,2567732.0,2061.0878,3.0145,98.9985,99.7015
202409,경북,도매 및 소매업,0.0018,20912.7113,8.1092,2567732.0,2061.0878,3.0145,98.9985,99.7015
202409,경북,정보통신업,0.0563,1054.8664,42.3511,2567732.0,2061.0878,3.0145,98.9985,99.7015
202409,경북,"전문, 과학 및 기술 서비스업",0.1067,25074.1679,13.9188,2567732.0,2061.0878,3.0145,98.9985,99.7015
202409,경북,"사업시설 관리, 사업 지원 및 임대 서비스업",-0.0,3553.0749,2.1263,2567732.0,2061.0878,3.0145,98.9985,99.7015
202409,경남,제조업,0.283,33750.5105,31.543,3285245.7369,2061.0878,3.0145,98.9985,99.7015
202409,경남,도매 및 소매업,0.3067,26733.9199,13.0448,3285245.7369,2061.0878,3.0145,98.9985,99.7015
202409,경남,정보통신업,0.7417,1201.7046,69.7459,3285245.7369,2061.0878,3.0145,98.9985,99.7015
202409,경남,"전문, 과학 및 기술 서비스업",0.283,33750.5105,31.543,3285245.7369,2061.0878,3.0145,98.9985,99.7015
202409,경남,"사업시설 관리, 사업 지원 및 임대 서비스업",0.0404,3579.0359,7.3423,3285245.7369,2061.0878,3.0145,98.9985,99.7015
202409,제주,제조업,0.0,2315.8218,1.8524,673665.0,2061.0878,3.0145,98.9985,99.7015
202409,제주,도매 및 소매업,0.0,8530.5161,2.8947,673665.0,2061.0878,3.0145,98.9985,99.7015
202409,제주,정보통신업,0.0388,613.0211,16.2839,673665.0,2061.0878,3.0145,98.9985,99.7015
202409,제주,"전문, 과학 및 기술 서비스업",0.0,2315.8218,1.8524,673665.0,2061.0878,3.0145,98.9985,99.7015
202409,제주,"사업시설 관리, 사업 지원 및 임대 서비스업",0.0,1587.7647,2.853,673665.0,2061.0878,3.0145,98.9985,99.7015
202410,서울,제조업,0.8663,31281.4915,75.5344,9299595.2354,2060.8562,3.0034,98.9435,99.7673
202410,서울,도매 및 소매업,1.6433,135439.1439,183.2015,9299595.2354,2060.8562,3.0034,98.9435,99.7673
202410,서울,정보통신업,19.9296,38457.4833,1651.7582,9299595.2354,2060.8562,3.0034,98.9435,99.7673
202410,서울,"전문, 과학 및 기술 서비스업",0.8663,31281.4915,75.5344,9299595.2354,2060.8562,3.0034,98.9435,99.7673
202410,서울,"사업시설 관리, 사업 지원 및 임대 서비스업",0.3231,17983.8926,79.2643,9299595.2354,2060.8562,3.0034,98.9435,99.7673
202410,부산,제조업,0.5248,22962.6931,15.5813,3263604.0,2060.8562,3.0034,98.9435,99.7673
202410,부산,도매 및 소매업,0.1249,36099.679,21.7278,3263604.0,2060.8562,3.0034,98.9435,99.7673
202410,부산,정보통신업,2.1073,2574.6297,201.142,3263604.0,2060.8562,3.0034,98.9435,99.7673
202410,부산,"전문, 과학 및 기술 서비스업",0.5248,22962.6931,15.5813,3263604.0,2060.8562,3.0034,98.9435,99.7673
202410,부산,"사업시설 관리, 사업 지원 및 임대 서비스업",0.0592,4287.508,6.0,3263604.0,2060.8562,3.0034,98.9435,99.7673
202410,대구,제조업,0.4833,17829.4015,21.0,2321275.0,2060.8562,3.0034,98.9435,99.7673
202410,대구,도매 및 소매업,0.2,24476.1257,7.538,2321275.0,2060.8562,3.0034,98.9435,99.7673
202410,대구,정보통신업,1.2832,1713.0708,75.2155,2321275.0,2060.8562,3.0034,98.9435,99.7673
202410,대구,"전문, 과학 및 기술 서비스업",0.4833,17829.4015,21.0,2321275.0,2060.8562,3.0034,98.9435,99.7673
202410,대구,"사업시설 관리, 사업 지원 및 임대 서비스업",0.0,2975.4438,5.3304,2321275.0,2060.8562,3.0034,98.9435,99.7673
202410,인천,제조업,0.35,22507.6279,33.2937,2960462.2471,2060.8562,3.0034,98.9435,99.7673
202410,인천,도매 및 소매업,0.2325,27886.6348,27.2962,2960462.2471,2060.8562,3.0034,98.9435,99.7673
202410,인천,정보통신업,1.9417,2220.5019,163.8548,2960462.2471,2060.8562,3.0034,98.9435,99.7673
202410,인천,"전문, 과학 및 기술 서비스업",0.35,22507.6279,33.2937,2960462.2471,2060.8562,3.0034,98.9435,99.7673
202410,인천,"사업시설 관리, 사업 지원 및 임대 서비스업",-0.0075,3559.2715,15.0,2960462.2471,2060.8562,3.0034,98.9435,99.7673
202410,광주,제조업,0.4083,7951.2659,8.286,1424751.8911,2060.8562,3.0034,98.9435,99.7673
202410,광주,도매 및 소매업,0.227,14233.0,8.2964,1424751.8911,2060.8562,3.0034,98.9435,99.7673
202410,광주,정보통신업,2.7754,1168.5597,62.4437,1424751.8911,2060.8562,3.0034,98.9435,99.7673
202410,광주,"전문, 과학 및 기술 서비스업",0.4083,7951.2659,8.286,1424751.8911,2060.8562,3.0034,98.9435,99.7673
202410,광주,"사업시설 관리, 사업 지원 및 임대 서비스업",0.0,1947.0,10.9112,1424751.8911,2060.8562,3.0034,98.9435,99.7673
202410,대전,제조업,0.2594,6894.6759,21.7768,1431178.0,2060.8562,3.0034,98.9435,99.7673
202410,대전,도매 및 소매업,0.1083,14887.0,17.6757,1431178.0,2060.8562,3.0034,98.9435,99.7673
202410,대전,정보통신업,1.5093,2070.4225,148.2108,1431178.0,2060.8562,3.0034,98.9435,99.7673
202410,대전,"전문, 과학 및 기술 서비스업",0.2594,6894.6759,21.7768,1431178.0,2060.8562,3.0034,98.9435,99.7673
202410,대전,"사업시설 관리, 사업 지원 및 임대 서비스업",-0.0,2508.9055,6.4478,1431178.0,2060.8562,3.0034,98.9435,99.7673
202410,울산,제조업,0.8216,7322.8891,8.3337,1102248.095,2060.8562,3.0034,98.9435,99.7673
202410,울산,도매 및 소매업,-0.0009,9157.7562,4.4799,1102248.095,2060.8562,3.0034,98.9435,99.7673
202410,울산,정보통신업,0.4819,505.5362,38.5375,1102248.095,2060.8562,3.0034,98.9435,99.7673
202410,울산,"전문, 과학 및 기술 서비스업",0.8216,7322.8891,8.3337,1102248.095,2060.8562,3.0034,98.9435,99.7673
202410,울산,"사업시설 관리, 사업 지원 및 임대 서비스업",0.0029,1381.1583,2.3213,1102248.095,2060.8562,3.0034,98.9435,99.7673
202410,세종,제조업,0.0321,1303.2605,1.834,440709.0634,2060.8562,3.0034,98.9435,99.7673
202410,세종,도매 및 소매업,0.0,2304.0336,1.284,440709.0634,2060.8562,3.0034,98.9435,99.7673
202410,세종,정보통신업,0.1738,407.2714,33.7493,440709.0634,2060.8562,3.0034,98.9435,99.7673
202410,세종,"전문, 과학 및 기술 서비스업",0.0321,1303.2605,1.834,440709.0634,2060.8562,3.0034,98.9435,99.7673
202410,세종,"사업시설 관리, 사업 지원 및 임대 서비스업",0.0,543.2505,3.6101,440709.0634,2060.8562,3.0034,98.9435,99.7673
202410,경기,제조업,2.4987,137272.3932,186.0901,13902467.1604,2060.8562,3.0034,98.9435,99.7673
202410,경기,도매 및 소매업,1.1494,155295.7963,142.8856,13902467.1604,2060.8562,3.0034,98.9435,99.7673
202410,경기,정보통신업,16.0237,15355.7406,1268.5875,13902467.1604,2060.8562,3.0034,98.9435,99.7673
202410,경기,"전문, 과학 및 기술 서비스업",2.4987,137272.3932,186.0901,13902467.1604,2060.8562,3.0034,98.9435,99.7673
202410,경기,"사업시설 관리, 사업 지원 및 임대 서비스업",0.0,21619.9748,67.5335,13902467.1604,2060.8562,3.0034,98.9435,99.7673
202410,강원,제조업,-0.0607,6262.4733,0.0,1535499.6561,2060.8562,3.0034,98.9435,99.7673
202410,강원,도매 및 소매업,0.0,14038.7602,0.0,1535499.6561,2060.8562,3.0034,98.9435,99.7673
202410,강원,정보통신업,0.171,868.4637,0.0,1535499.6561,2060.8562,3.0034,98.9435,99.7673
202410,강원,"전문, 과학 및 기술 서비스업",-0.0607,6262.4733,0.0,1535499.6561,2060.8562,3.0034,98.9435,99.7673
202410,강원,"사업시설 관리, 사업 지원 및 임대 서비스업",0.0,2709.3445,0.0,1535499.6561,2060.8562,3.0034,98.9435,99.7673
202410,충북,제조업,0.0185,14426.6142,5.9672,1591281.0926,2060.8562,3.0034,98.9435,99.7673
202410,충북,도매 및 소매업,-0.0577,14204.4935,5.6389,1591281.0926,2060.8562,3.0034,98.9435,99.7673
202410,충북,정보통신업,0.5417,716.981,23.8302,1591281.0926,2060.8562,3.0034,98.9435,99.7673
202410,충북,"전문, 과학 및 기술 서비스업",0.0185,14426.6142,5.9672,1591281.0926,2060.8562,3.0034,98.9435,99.7673
202410,충북,"사업시설 관리, 사업 지원 및 임대 서비스업",-0.0,2967.6115,2.4916,1591281.0926,2060.8562,3.0034,98.9435,99.7673
202410,충남,제조업,0.3159,18112.8108,11.3654,2137997.0,2060.8562,3.0034,98.9435,99.7673
202410,충남,도매 및 소매업,0.0801,18549.8229,6.2634,2137997.0,2060.8562,3.0034,98.9435,99.7673
202410,충남,정보통신업,0.55,1095.2849,63.568,2137997.0,2060.8562,3.0034,98.9435,99.7673
202410,충남,"전문, 과학 및 기술 서비스업",0.3159,18112.8108,11.3654,2137997.0,2060.8562,3.0034,98.9435,99.7673
202410,충남,"사업시설 관리, 사업 지원 및 임대 서비스업",-0.0005,3556.9916,3.5122,2137997.0,2060.8562,3.0034,98.9435,99.7673
202410,전북,제조업,0.1912,10338.2713,6.2883,1742503.0,2060.8562,3.0034,98.9435,99.7673
202410,전북,도매 및 소매업,-0.0152,15580.5524,8.7583,1742503.0,2060.8562,3.0034,98.9435,99.7673
202410,전북,정보통신업,0.7501,958.3453,34.6448,1742503.0,2060.8562,3.0034,98.9435,99.7673
202410,전북,"전문, 과학 및 기술 서비스업",0.1912,10338.2713,6.2883,1742503.0,2060.8562,3.0034,98.9435,99.7673
202410,전북,"사업시설 관리, 사업 지원 및 임대 서비스업",0.0,2323.3362,4.5415,1742503.0,2060.8562,3.0034,98.9435,99.7673
202410,전남,제조업,0.1148,10948.5685,5.7907,1797375.6701,2060.8562,3.0034,98.9435,99.7673
202410,전남,도매 및 소매업,0.05,13875.0929,4.0519,1797375.6701,2060.8562,3.0034,98.9435,99.7673
202410,전남,정보통신업,0.625,800.4011,39.2163,1797375.6701,2060.8562,3.0034,98.9435,99.7673
202410,전남,"전문, 과학 및 기술 서비스업",0.1148,10948.5685,5.7907,1797375.6701,2060.8562,3.0034,98.9435,99.7673
202410,전남,"사업시설 관리, 사업 지원 및 임대 서비스업",0.0,2305.3203,2.8317,1797375.6701,2060.8562,3.0034,98.9435,99.7673
202410,경북,제조업,0.4173,25227.7459,13.918,2566172.0,2060.8562,3.0034,98.9435,99.7673
202410,경북,도매 및 소매업,0.0019,20988.4036,7.9297,2566172.0,2060.8562,3.0034,98.9435,99.7673
202410,경북,정보통신업,0.0499,1058.8114,42.7552,2566172.0,2060.8562,3.0034,98.9435,99.7673
202410,경북,"전문, 과학 및 기술 서비스업",0.4173,25227.7459,13.918,2566172.0,2060.8562,3.0034,98.9435,99.7673
202410,경북,"사업시설 관리, 사업 지원 및 임대 서비스업",-0.0,3519.7677,2.0,2566172.0,2060.8562,3.0034,98.9435,99.7673
202410,경남,제조업,0.2859,33809.5875,34.6089,3283270.7369,2060.8562,3.0034,98.9435,99.7673
202410,경남,도매 및 소매업,0.3089,26852.9901,13.0252,3283270.7369,2060.8562,3.0034,98.9435,99.7673
202410,경남,정보통신업,0.7417,1206.9286,69.7459,3283270.7369,2060.8562,3.0034,98.9435,99.7673
202410,경남,"전문, 과학 및 기술 서비스업",0.2859,33809.5875,34.6089,3283270.7369,2060.8562,3.0034,98.9435,99.7673
202410,경남,"사업시설 관리, 사업 지원 및 임대 서비스업",0.0404,3594.1406,7.3554,3283270.7369,2060.8562,3.0034,98.9435,99.7673
202410,제주,제조업,0.0,2314.9739,2.0,673451.0,2060.8562,3.0034,98.9435,99.7673
202410,제주,도매 및 소매업,0.0,8565.5812,2.8891,673451.0,2060.8562,3.0034,98.9435,99.7673
202410,제주,정보통신업,0.0388,617.383,16.1999,673451.0,2060.8562,3.0034,98.9435,99.7673
202410,제주,"전문, 과학 및 기술 서비스업",0.0,2314.9739,2.0,673451.0,2060.8562,3.0034,98.9435,99.7673
202410,제주,"사업시설 관리, 사업 지원 및 임대 서비스업",0.0,1594.4202,2.8133,673451.0,2060.8562,3.0034,98.9435,99.7673
202411,서울,제조업,0.8663,31256.4981,75.3026,9293156.0007,2060.6516,2.9922,98.9209,99.8243
202411,서울,도매 및 소매업,1.6372,135531.7463,183.5194,9293156.0007,2060.6516,2.9922,98.9209,99.8243
202411,서울,정보통신업,20.9659,38583.5659,1637.068,9293156.0007,2060.6516,2.9922,98.9209,99.8243
202411,서울,"전문, 과학 및 기술 서비스업",0.8663,31256.4981,75.3026,9293156.0007,2060.6516,2.9922,98.9209,99.8243
202411,서울,"사업시설 관리, 사업 지원 및 임대 서비스업",0.3228,17962.3134,79.2624,9293156.0007,2060.6516,2.9922,98.9209,99.8243
202411,부산,제조업,0.5248,23086.9489,15.4489,3261140.0,2060.6516,2.9922,98.9209,99.8243
202411,부산,도매 및 소매업,0.1232,36185.0161,26.1055,3261140.0,2060.6516,2.9922,98.9209,99.8243
202411,부산,정보통신업,2.1073,2583.6541,201.2734,3261140.0,2060.6516,2.9922,98.9209,99.8243
202411,부산,"전문, 과학 및 기술 서비스업",0.5248,23086.9489,15.4489,3261140.0,2060.6516,2.9922,98.9209,99.8243
202411,부산,"사업시설 관리, 사업 지원 및 임대 서비스업",0.0592,4291.1004,6.0,3261140.0,2060.6516,2.9922,98.9209,99.8243
202411,대구,제조업,0.4833,17822.166,21.0,2319347.0,2060.6516,2.9922,98.9209,99.8243
202411,대구,도매 및 소매업,0.2,24554.4588,7.9421,2319347.0,2060.6516,2.9922,98.9209,99.8243
202411,대구,정보통신업,1.2832,1718.5513,74.9823,2319347.0,2060.6516,2.9922,98.9209,99.8243
202411,대구,"전문, 과학 및 기술 서비스업",0.4833,17822.166,21.0,2319347.0,2060.6516,2.9922,98.9209,99.8243
202411,대구,"사업시설 관리, 사업 지원 및 임대 서비스업",0.0,2977.1396,5.5653,2319347.0,2060.6516,2.9922,98.9209,99.8243
202411,인천,제조업,0.35,22585.3574,33.2938,2961772.1582,2060.6516,2.9922,98.9209,99.8243
202411,인천,도매 및 소매업,0.2325,28055.4694,27.2997,2961772.1582,2060.6516,2.9922,98.9209,99.8243
202411,인천,정보통신업,1.9417,2235.6774,163.5722,2961772.1582,2060.6516,2.9922,98.9209,99.8243
202411,인천,"전문, 과학 및 기술 서비스업",0.35,22585.3574,33.2938,2961772.1582,2060.6516,2.9922,98.9209,99.8243
202411,인천,"사업시설 관리, 사업 지원 및 임대 서비스업",-0.0071,3558.429,15.0,2961772.1582,2060.6516,2.9922,98.9209,99.8243
202411,광주,제조업,0.4083,7931.0394,8.7453,1424420.1061,2060.6516,2.9922,98.9209,99.8243
202411,광주,도매 및 소매업,0.2277,14233.0,8.2847,1424420.1061,2060.6516,2.9922,98.9209,99.8243
202411,광주,정보통신업,2.8752,1172.3746,61.0441,1424420.1061,2060.6516,2.9922,98.9209,99.8243
202411,광주,"전문, 과학 및 기술 서비스업",0.4083,7931.0394,8.7453,1424420.1061,2060.6516,2.9922,98.9209,99.8243
202411,광주,"사업시설 관리, 사업 지원 및 임대 서비스업",0.0,1947.0,8.1446,1424420.1061,2060.6516,2.9922,98.9209,99.8243
202411,대전,제조업,0.2594,6919.3204,21.8568,1430501.0,2060.6516,2.9922,98.9209,99.8243
202411,대전,도매 및 소매업,0.1083,14887.0,17.3778,1430501.0,2060.6516,2.9922,98.9209,99.8243
202411,대전,정보통신업,1.5123,2076.2227,152.0967,1430501.0,2060.6516,2.9922,98.9209,99.8243
202411,대전,"전문, 과학 및 기술 서비스업",0.2594,6919.3204,21.8568,1430501.0,2060.6516,2.9922,98.9209,99.8243
202411,대전,"사업시설 관리, 사업 지원 및 임대 서비스업",-0.0,2519.3471,6.346,1430501.0,2060.6516,2.9922,98.9209,99.8243
202411,울산,제조업,0.3578,7241.6847,8.1066,1101912.095,2060.6516,2.9922,98.9209,99.8243
202411,울산,도매 및 소매업,0.3604,9228.1197,4.4715,1101912.095,2060.6516,2.9922,98.9209,99.8243
202411,울산,정보통신업,0.4819,505.3376,37.895,1101912.095,2060.6516,2.9922,98.9209,99.8243
202411,울산,"전문, 과학 및 기술 서비스업",0.3578,7241.6847,8.1066,1101912.095,2060.6516,2.9922,98.9209,99.8243
202411,울산,"사업시설 관리, 사업 지원 및 임대 서비스업",0.003,1383.4837,1.543,1101912.095,2060.6516,2.9922,98.9209,99.8243
202411,세종,제조업,0.0321,1307.2269,1.8343,443329.0056,2060.6516,2.9922,98.9209,99.8243
202411,세종,도매 및 소매업,0.0,2317.1261,1.2807,443329.0056,2060.6516,2.9922,98.9209,99.8243
202411,세종,정보통신업,0.1825,410.9418,32.7106,443329.0056,2060.6516,2.9922,98.9209,99.8243
202411,세종,"전문, 과학 및 기술 서비스업",0.0321,1307.2269,1.8343,443329.0056,2060.6516,2.9922,98.9209,99.8243
202411,세종,"사업시설 관리, 사업 지원 및 임대 서비스업",0.0,552.0716,3.6265,443329.0056,2060.6516,2.9922,98.9209,99.8243
202411,경기,제조업,2.4987,137575.5675,196.9193,13916313.9227,2060.6516,2.9922,98.9209,99.8243
202411,경기,도매 및 소매업,1.1494,156125.8263,143.4001,13916313.9227,2060.6516,2.9922,98.9209,99.8243
202411,경기,정보통신업,16.0237,15423.1313,1268.5875,13916313.9227,2060.6516,2.9922,98.9209,99.8243
202411,경기,"전문, 과학 및 기술 서비스업",2.4987,137575.5675,196.9193,13916313.9227,2060.6516,2.9922,98.9209,99.8243
202411,경기,"사업시설 관리, 사업 지원 및 임대 서비스업",0.0,21722.6555,73.6227,13916313.9227,2060.6516,2.9922,98.9209,99.8243
202411,강원,제조업,0.3755,6282.8886,0.0,1535927.2774,2060.6516,2.9922,98.9209,99.8243
202411,강원,도매 및 소매업,0.0,14085.8653,0.0,1535927.2774,2060.6516,2.9922,98.9209,99.8243
202411,강원,정보통신업,0.1712,872.6039,0.0,1535927.2774,2060.6516,2.9922,98.9209,99.8243
202411,강원,"전문, 과학 및 기술 서비스업",0.3755,6282.8886,0.0,1535927.2774,2060.6516,2.9922,98.9209,99.8243
202411,강원,"사업시설 관리, 사업 지원 및 임대 서비스업",0.0,2708.7894,0.0,1535927.2774,2060.6516,2.9922,98.9209,99.8243
202411,충북,제조업,1.0185,14478.9972,5.9671,1591151.8782,2060.6516,2.9922,98.9209,99.8243
202411,충북,도매 및 소매업,-0.0513,14250.1648,5.6861,1591151.8782,2060.6516,2.9922,98.9209,99.8243
202411,충북,정보통신업,0.5417,720.333,30.2537,1591151.8782,2060.6516,2.9922,98.9209,99.8243
202411,충북,"전문, 과학 및 기술 서비스업",1.0185,14478.9972,5.9671,1591151.8782,2060.6516,2.9922,98.9209,99.8243
202411,충북,"사업시설 관리, 사업 지원 및 임대 서비스업",-0.0,2956.7853,2.4917,1591151.8782,2060.6516,2.9922,98.9209,99.8243
202411,충남,제조업,0.3159,18156.6408,11.3768,2138677.0,2060.6516,2.9922,98.9209,99.8243
202411,충남,도매 및 소매업,0.0801,18613.7725,6.2623,2138677.0,2060.6516,2.9922,98.9209,99.8243
202411,충남,정보통신업,0.55,1102.7978,60.6845,2138677.0,2060.6516,2.9922,98.9209,99.8243
202411,충남,"전문, 과학 및 기술 서비스업",0.3159,18156.6408,11.3768,2138677.0,2060.6516,2.9922,98.9209,99.8243
202411,충남,"사업시설 관리, 사업 지원 및 임대 서비스업",-0.0005,3572.2185,3.5153,2138677.0,2060.6516,2.9922,98.9209,99.8243
202411,전북,제조업,0.1912,10366.7813,6.2899,1741271.0,2060.6516,2.9922,98.9209,99.8243
202411,전북,도매 및 소매업,0.9914,15619.6375,8.7509,1741271.0,2060.6516,2.9922,98.9209,99.8243
202411,전북,정보통신업,0.7501,962.2701,36.2707,1741271.0,2060.6516,2.9922,98.9209,99.8243
202411,전북,"전문, 과학 및 기술 서비스업",0.1912,10366.7813,6.2899,1741271.0,2060.6516,2.9922,98.9209,99.8243
202411,전북,"사업시설 관리, 사업 지원 및 임대 서비스업",0.0,2324.8146,4.5748,1741271.0,2060.6516,2.9922,98.9209,99.8243
202411,전남,제조업,0.1148,10981.5567,5.2732,1797429.3678,2060.6516,2.9922,98.9209,99.8243
202411,전남,도매 및 소매업,0.05,13920.6667,4.081,1797429.3678,2060.6516,2.9922,98.9209,99.8243
202411,전남,정보통신업,0.625,804.52,41.2036,1797429.3678,2060.6516,2.9922,98.9209,99.8243
202411,전남,"전문, 과학 및 기술 서비스업",0.1148,10981.5567,5.2732,1797429.3678,2060.6516,2.9922,98.9209,99.8243
202411,전남,"사업시설 관리, 사업 지원 및 임대 서비스업",0.0,2322.4263,2.8327,1797429.3678,2060.6516,2.9922,98.9209,99.8243
202411,경북,제조업,0.104,25201.3222,13.922,2564612.0,2060.6516,2.9922,98.9209,99.8243
202411,경북,도매 및 소매업,0.002,21064.0959,8.8955,2564612.0,2060.6516,2.9922,98.9209,99.8243
202411,경북,정보통신업,0.0435,1062.7565,42.8504,2564612.0,2060.6516,2.9922,98.9209,99.8243
202411,경북,"전문, 과학 및 기술 서비스업",0.104,25201.3222,13.922,2564612.0,2060.6516,2.9922,98.9209,99.8243
202411,경북,"사업시설 관리, 사업 지원 및 임대 서비스업",-0.0,3526.3863,2.1263,2564612.0,2060.6516,2.9922,98.9209,99.8243
202411,경남,제조업,0.2887,33868.6646,34.6104,3281624.7369,2060.6516,2.9922,98.9209,99.8243
202411,경남,도매 및 소매업,0.3112,26906.4412,13.0079,3281624.7369,2060.6516,2.9922,98.9209,99.8243
202411,경남,정보통신업,0.7417,1212.1526,69.7459,3281624.7369,2060.6516,2.9922,98.9209,99.8243
202411,경남,"전문, 과학 및 기술 서비스업",0.2887,33868.6646,34.6104,3281624.7369,2060.6516,2.9922,98.9209,99.8243
202411,경남,"사업시설 관리, 사업 지원 및 임대 서비스업",0.0404,3609.2453,7.3661,3281624.7369,2060.6516,2.9922,98.9209,99.8243
202411,제주,제조업,0.0,2319.0593,1.8524,673237.0,2060.6516,2.9922,98.9209,99.8243
202411,제주,도매 및 소매업,0.0,8594.8957,2.8846,673237.0,2060.6516,2.9922,98.9209,99.8243
202411,제주,정보통신업,0.0388,619.0899,16.1242,673237.0,2060.6516,2.9922,98.9209,99.8243
202411,제주,"전문, 과학 및 기술 서비스업",0.0,2319.0593,1.8524,673237.0,2060.6516,2.9922,98.9209,99.8243
202411,제주,"사업시설 관리, 사업 지원 및 임대 서비스업",0.0,1601.0756,2.7786,673237.0,2060.6516,2.9922,98.9209,99.8243
202412,서울,제조업,0.8663,31231.5047,75.5335,9286716.766,2060.4709,2.9811,99.0099,99.8737
202412,서울,도매 및 소매업,1.6429,135674.9571,183.3119,9286716.766,2060.4709,2.9811,99.0099,99.8737
202412,서울,정보통신업,20.1607,38669.4071,1652.0935,9286716.766,2060.4709,2.9811,99.0099,99.8737
202412,서울,"전문, 과학 및 기술 서비스업",0.8663,31231.5047,75.5335,9286716.766,2060.4709,2.9811,99.0099,99.8737
202412,서울,"사업시설 관리, 사업 지원 및 임대 서비스업",0.3227,17940.9026,79.2643,9286716.766,2060.4709,2.9811,99.0099,99.8737
202412,부산,제조업,0.5248,23203.7765,15.3828,3258676.0,2060.4709,2.9811,99.0099,99.8737
202412,부산,도매 및 소매업,0.1216,36270.3531,27.417,3258676.0,2060.4709,2.9811,99.0099,99.8737
202412,부산,정보통신업,2.1073,2592.9284,201.3978,3258676.0,2060.4709,2.9811,99.0099,99.8737
202412,부산,"전문, 과학 및 기술 서비스업",0.5248,23203.7765,15.3828,3258676.0,2060.4709,2.9811,99.0099,99.8737
202412,부산,"사업시설 관리, 사업 지원 및 임대 서비스업",0.0592,4294.6285,6.0,3258676.0,2060.4709,2.9811,99.0099,99.8737
202412,대구,제조업,0.4833,17814.9589,21.0,2317419.0,2060.4709,2.9811,99.0099,99.8737
202412,대구,도매 및 소매업,0.2,24629.9894,7.535,2317419.0,2060.4709,2.9811,99.0099,99.8737
202412,대구,정보통신업,1.2832,1724.1716,74.765,2317419.0,2060.4709,2.9811,99.0099,99.8737
202412,대구,"전문, 과학 및 기술 서비스업",0.4833,17814.9589,21.0,2317419.0,2060.4709,2.9811,99.0099,99.8737
202412,대구,"사업시설 관리, 사업 지원 및 임대 서비스업",0.0,2978.8354,5.3001,2317419.0,2060.4709,2.9811,99.0099,99.8737
202412,인천,제조업,0.35,22699.881,33.2939,2963828.1542,2060.4709,2.9811,99.0099,99.8737
202412,인천,도매 및 소매업,0.2325,28231.7613,27.3025,2963828.1542,2060.4709,2.9811,99.0099,99.8737
202412,인천,정보통신업,1.9417,2250.853,163.3298,2963828.1542,2060.4709,2.9811,99.0099,99.8737
202412,인천,"전문, 과학 및 기술 서비스업",0.35,22699.881,33.2939,2963828.1542,2060.4709,2.9811,99.0099,99.8737
202412,인천,"사업시설 관리, 사업 지원 및 임대 서비스업",-0.0064,3557.5873,15.0,2963828.1542,2060.4709,2.9811,99.0099,99.8737
202412,광주,제조업,0.4083,7928.5876,8.5056,1422499.2886,2060.4709,2.9811,99.0099,99.8737
202412,광주,도매 및 소매업,0.2283,14233.0,8.2847,1422499.2886,2060.4709,2.9811,99.0099,99.8737
202412,광주,정보통신업,2.7241,1176.1896,58.7385,1422499.2886,2060.4709,2.9811,99.0099,99.8737
202412,광주,"전문, 과학 및 기술 서비스업",0.4083,7928.5876,8.5056,1422499.2886,2060.4709,2.9811,99.0099,99.8737
202412,광주,"사업시설 관리, 사업 지원 및 임대 서비스업",0.0,1947.0,11.0148,1422499.2886,2060.4709,2.9811,99.0099,99.8737
202412,대전,제조업,0.2594,6938.4347,21.9368,1429824.0,2060.4709,2.9811,99.0099,99.8737
202412,대전,도매 및 소매업,0.1083,14887.0,17.1708,1429824.0,2060.4709,2.9811,99.0099,99.8737
202412,대전,정보통신업,1.5064,2085.9296,165.9966,1429824.0,2060.4709,2.9811,99.0099,99.8737
202412,대전,"전문, 과학 및 기술 서비스업",0.2594,6938.4347,21.9368,1429824.0,2060.4709,2.9811,99.0099,99.8737
202412,대전,"사업시설 관리, 사업 지원 및 임대 서비스업",-0.0,2529.7888,6.4646,1429824.0,2060.4709,2.9811,99.0099,99.8737
202412,울산,제조업,0.8968,7311.7464,8.3987,1101204.095,2060.4709,2.9811,99.0099,99.8737
202412,울산,도매 및 소매업,0.0083,9260.079,4.4647,1101204.095,2060.4709,2.9811,99.0099,99.8737
202412,울산,정보통신업,0.4819,505.1392,40.3567,1101204.095,2060.4709,2.9811,99.0099,99.8737
202412,울산,"전문, 과학 및 기술 서비스업",0.8968,7311.7464,8.3987,1101204.095,2060.4709,2.9811,99.0099,99.8737
202412,울산,"사업시설 관리, 사업 지원 및 임대 서비스업",0.0031,1385.8091,-0.1584,1101204.095,2060.4709,2.9811,99.0099,99.8737
202412,세종,제조업,0.3244,1311.1933,1.8345,446817.4664,2060.4709,2.9811,99.0099,99.8737
202412,세종,도매 및 소매업,0.0,2330.2185,1.2781,446817.4664,2060.4709,2.9811,99.0099,99.8737
202412,세종,정보통신업,0.1912,414.6123,32.6635,446817.4664,2060.4709,2.9811,99.0099,99.8737
202412,세종,"전문, 과학 및 기술 서비스업",0.3244,1311.1933,1.8345,446817.4664,2060.4709,2.9811,99.0099,99.8737
202412,세종,"사업시설 관리, 사업 지원 및 임대 서비스업",0.0,556.3483,3.6429,446817.4664,2060.4709,2.9811,99.0099,99.8737
202412,경기,제조업,2.4987,137878.7419,176.4978,13930160.6851,2060.4709,2.9811,99.0099,99.8737
202412,경기,도매 및 소매업,1.1494,156345.5613,143.5638,13930160.6851,2060.4709,2.9811,99.0099,99.8737
202412,경기,정보통신업,16.0237,15467.1748,1268.5876,13930160.6851,2060.4709,2.9811,99.0099,99.8737
202412,경기,"전문, 과학 및 기술 서비스업",2.4987,137878.7419,176.4978,13930160.6851,2060.4709,2.9811,99.0099,99.8737
202412,경기,"사업시설 관리, 사업 지원 및 임대 서비스업",0.0,21825.3361,81.0657,13930160.6851,2060.4709,2.9811,99.0099,99.8737
202412,강원,제조업,-0.0291,6303.3038,0.0,1536354.8279,2060.4709,2.9811,99.0099,99.8737
202412,강원,도매 및 소매업,0.0,14115.6864,0.0,1536354.8279,2060.4709,2.9811,99.0099,99.8737
202412,강원,정보통신업,0.1715,876.7442,0.0,1536354.8279,2060.4709,2.9811,99.0099,99.8737
202412,강원,"전문, 과학 및 기술 서비스업",-0.0291,6303.3038,0.0,1536354.8279,2060.4709,2.9811,99.0099,99.8737
202412,강원,"사업시설 관리, 사업 지원 및 임대 서비스업",0.0,2674.0772,0.0,1536354.8279,2060.4709,2.9811,99.0099,99.8737
202412,충북,제조업,0.0185,14464.5763,5.9671,1591025.6935,2060.4709,2.9811,99.0099,99.8737
202412,충북,도매 및 소매업,-0.0454,14295.8362,5.6389,1591025.6935,2060.4709,2.9811,99.0099,99.8737
202412,충북,정보통신업,0.5417,723.6849,32.2395,1591025.6935,2060.4709,2.9811,99.0099,99.8737
202412,충북,"전문, 과학 및 기술 서비스업",0.0185,14464.5763,5.9671,1591025.6935,2060.4709,2.9811,99.0099,99.8737
202412,충북,"사업시설 관리, 사업 지원 및 임대 서비스업",-0.0,2903.9216,2.4917,1591025.6935,2060.4709,2.9811,99.0099,99.8737
202412,충남,제조업,0.3159,18200.4707,11.3865,2139357.0,2060.4709,2.9811,99.0099,99.8737
202412,충남,도매 및 소매업,0.0801,18677.7179,6.2616,2139357.0,2060.4709,2.9811,99.0099,99.8737
202412,충남,정보통신업,0.55,1110.3108,53.7764,2139357.0,2060.4709,2.9811,99.0099,99.8737
202412,충남,"전문, 과학 및 기술 서비스업",0.3159,18200.4707,11.3865,2139357.0,2060.4709,2.9811,99.0099,99.8737
202412,충남,"사업시설 관리, 사업 지원 및 임대 서비스업",-0.0005,3587.4454,3.518,2139357.0,2060.4709,2.9811,99.0099,99.8737
202412,전북,제조업,0.1912,10395.2913,6.2913,1740039.0,2060.4709,2.9811,99.0099,99.8737
202412,전북,도매 및 소매업,-0.0309,15730.063,8.7445,1740039.0,2060.4709,2.9811,99.0099,99.8737
202412,전북,정보통신업,0.7501,966.1949,34.7976,1740039.0,2060.4709,2.9811,99.0099,99.8737
202412,전북,"전문, 과학 및 기술 서비스업",0.1912,10395.2913,6.2913,1740039.0,2060.4709,2.9811,99.0099,99.8737
202412,전북,"사업시설 관리, 사업 지원 및 임대 서비스업",0.0,2311.7883,4.5926,1740039.0,2060.4709,2.9811,99.0099,99.8737
202412,전남,제조업,0.9932,11014.5448,5.3558,1799095.0656,2060.4709,2.9811,99.0099,99.8737
202412,전남,도매 및 소매업,0.05,13966.2405,4.1101,1799095.0656,2060.4709,2.9811,99.0099,99.8737
202412,전남,정보통신업,0.625,808.6388,47.0056,1799095.0656,2060.4709,2.9811,99.0099,99.8737
202412,전남,"전문, 과학 및 기술 서비스업",0.9932,11014.5448,5.3558,1799095.0656,2060.4709,2.9811,99.0099,99.8737
202412,전남,"사업시설 관리, 사업 지원 및 임대 서비스업",0.0,2314.596,2.8334,1799095.0656,2060.4709,2.9811,99.0099,99.8737
202412,경북,제조업,0.4147,25030.1771,13.9215,2563052.0,2060.4709,2.9811,99.0099,99.8737
202412,경북,도매 및 소매업,0.002,21139.7882,8.0118,2563052.0,2060.4709,2.9811,99.0099,99.8737
202412,경북,정보통신업,0.037,1066.7015,42.9752,2563052.0,2060.4709,2.9811,99.0099,99.8737
202412,경북,"전문, 과학 및 기술 서비스업",0.4147,25030.1771,13.9215,2563052.0,2060.4709,2.9811,99.0099,99.8737
202412,경북,"사업시설 관리, 사업 지원 및 임대 서비스업",-0.0,3508.9387,2.0,2563052.0,2060.4709,2.9811,99.0099,99.8737
202412,경남,제조업,0.2916,33927.7416,30.7895,3279268.7369,2060.4709,2.9811,99.0099,99.8737
202412,경남,도매 및 소매업,0.3134,27025.5114,12.9924,3279268.7369,2060.4709,2.9811,99.0099,99.8737
202412,경남,정보통신업,0.7417,1217.3766,69.7459,3279268.7369,2060.4709,2.9811,99.0099,99.8737
202412,경남,"전문, 과학 및 기술 서비스업",0.2916,33927.7416,30.7895,3279268.7369,2060.4709,2.9811,99.0099,99.8737
202412,경남,"사업시설 관리, 사업 지원 및 임대 서비스업",0.0404,3624.3499,7.3749,3279268.7369,2060.4709,2.9811,99.0099,99.8737
202412,제주,제조업,0.0,2325.0819,2.0,673023.0,2060.4709,2.9811,99.0099,99.8737
202412,제주,도매 및 소매업,0.0,8634.1475,2.881,673023.0,2060.4709,2.9811,99.0099,99.8737
202412,제주,정보통신업,1.0388,623.4528,16.0559,673023.0,2060.4709,2.9811,99.0099,99.8737
202412,제주,"전문, 과학 및 기술 서비스업",0.0,2325.0819,2.0,673023.0,2060.4709,2.9811,99.0099,99.8737
202412,제주,"사업시설 관리, 사업 지원 및 임대 서비스업",0.0,1607.7311,2.7484,673023.0,2060.4709,2.9811,99.0099,99.8737
